--
-- PostgreSQL database dump
--

-- Dumped from database version 16.1
-- Dumped by pg_dump version 16.1

SET statement_timeout = 0;
SET lock_timeout = 0;
SET idle_in_transaction_session_timeout = 0;
SET client_encoding = 'UTF8';
SET standard_conforming_strings = on;
SELECT pg_catalog.set_config('search_path', '', false);
SET check_function_bodies = false;
SET xmloption = content;
SET client_min_messages = warning;
SET row_security = off;

SET default_tablespace = '';

SET default_table_access_method = heap;

--
-- Name: account_emailaddress; Type: TABLE; Schema: public; Owner: postgres
--

CREATE TABLE public.account_emailaddress (
    id integer NOT NULL,
    email character varying(254) NOT NULL,
    verified boolean NOT NULL,
    "primary" boolean NOT NULL,
    user_id integer NOT NULL
);


ALTER TABLE public.account_emailaddress OWNER TO postgres;

--
-- Name: account_emailaddress_id_seq; Type: SEQUENCE; Schema: public; Owner: postgres
--

ALTER TABLE public.account_emailaddress ALTER COLUMN id ADD GENERATED BY DEFAULT AS IDENTITY (
    SEQUENCE NAME public.account_emailaddress_id_seq
    START WITH 1
    INCREMENT BY 1
    NO MINVALUE
    NO MAXVALUE
    CACHE 1
);


--
-- Name: account_emailconfirmation; Type: TABLE; Schema: public; Owner: postgres
--

CREATE TABLE public.account_emailconfirmation (
    id integer NOT NULL,
    created timestamp with time zone NOT NULL,
    sent timestamp with time zone,
    key character varying(64) NOT NULL,
    email_address_id integer NOT NULL
);


ALTER TABLE public.account_emailconfirmation OWNER TO postgres;

--
-- Name: account_emailconfirmation_id_seq; Type: SEQUENCE; Schema: public; Owner: postgres
--

ALTER TABLE public.account_emailconfirmation ALTER COLUMN id ADD GENERATED BY DEFAULT AS IDENTITY (
    SEQUENCE NAME public.account_emailconfirmation_id_seq
    START WITH 1
    INCREMENT BY 1
    NO MINVALUE
    NO MAXVALUE
    CACHE 1
);


--
-- Name: appAjustes_usuariopreferencia; Type: TABLE; Schema: public; Owner: postgres
--

CREATE TABLE public."appAjustes_usuariopreferencia" (
    id_preferencia integer NOT NULL,
    atributo_plan_id integer,
    usuario_id integer
);


ALTER TABLE public."appAjustes_usuariopreferencia" OWNER TO postgres;

--
-- Name: appAjustes_usuariopreferencia_id_preferencia_seq; Type: SEQUENCE; Schema: public; Owner: postgres
--

ALTER TABLE public."appAjustes_usuariopreferencia" ALTER COLUMN id_preferencia ADD GENERATED BY DEFAULT AS IDENTITY (
    SEQUENCE NAME public."appAjustes_usuariopreferencia_id_preferencia_seq"
    START WITH 1
    INCREMENT BY 1
    NO MINVALUE
    NO MAXVALUE
    CACHE 1
);


--
-- Name: appCarritoPedido_carrito; Type: TABLE; Schema: public; Owner: postgres
--

CREATE TABLE public."appCarritoPedido_carrito" (
    id_carrito integer NOT NULL,
    id_usuario_id integer NOT NULL
);


ALTER TABLE public."appCarritoPedido_carrito" OWNER TO postgres;

--
-- Name: appCarritoPedido_carrito_id_carrito_seq; Type: SEQUENCE; Schema: public; Owner: postgres
--

ALTER TABLE public."appCarritoPedido_carrito" ALTER COLUMN id_carrito ADD GENERATED BY DEFAULT AS IDENTITY (
    SEQUENCE NAME public."appCarritoPedido_carrito_id_carrito_seq"
    START WITH 1
    INCREMENT BY 1
    NO MINVALUE
    NO MAXVALUE
    CACHE 1
);


--
-- Name: appCarritoPedido_carritodetalle; Type: TABLE; Schema: public; Owner: postgres
--

CREATE TABLE public."appCarritoPedido_carritodetalle" (
    id_carrito_detalle integer NOT NULL,
    cantidad integer NOT NULL,
    id_carrito_id integer NOT NULL,
    id_plan_id integer NOT NULL
);


ALTER TABLE public."appCarritoPedido_carritodetalle" OWNER TO postgres;

--
-- Name: appCarritoPedido_carritodetalle_id_carrito_detalle_seq; Type: SEQUENCE; Schema: public; Owner: postgres
--

ALTER TABLE public."appCarritoPedido_carritodetalle" ALTER COLUMN id_carrito_detalle ADD GENERATED BY DEFAULT AS IDENTITY (
    SEQUENCE NAME public."appCarritoPedido_carritodetalle_id_carrito_detalle_seq"
    START WITH 1
    INCREMENT BY 1
    NO MINVALUE
    NO MAXVALUE
    CACHE 1
);


--
-- Name: appCarritoPedido_pedido; Type: TABLE; Schema: public; Owner: postgres
--

CREATE TABLE public."appCarritoPedido_pedido" (
    id_pedido integer NOT NULL,
    fecha_reserva timestamp with time zone NOT NULL,
    total double precision NOT NULL,
    id_cliente_id integer NOT NULL,
    estado character varying(10) NOT NULL
);


ALTER TABLE public."appCarritoPedido_pedido" OWNER TO postgres;

--
-- Name: appCarritoPedido_pedido_id_pedido_seq; Type: SEQUENCE; Schema: public; Owner: postgres
--

ALTER TABLE public."appCarritoPedido_pedido" ALTER COLUMN id_pedido ADD GENERATED BY DEFAULT AS IDENTITY (
    SEQUENCE NAME public."appCarritoPedido_pedido_id_pedido_seq"
    START WITH 1
    INCREMENT BY 1
    NO MINVALUE
    NO MAXVALUE
    CACHE 1
);


--
-- Name: appCarritoPedido_pedidodetalle; Type: TABLE; Schema: public; Owner: postgres
--

CREATE TABLE public."appCarritoPedido_pedidodetalle" (
    id_pedido_detalle integer NOT NULL,
    cantidad integer NOT NULL,
    id_pedido_id integer NOT NULL,
    id_plan_id integer NOT NULL
);


ALTER TABLE public."appCarritoPedido_pedidodetalle" OWNER TO postgres;

--
-- Name: appCarritoPedido_pedidodetalle_id_pedido_detalle_seq; Type: SEQUENCE; Schema: public; Owner: postgres
--

ALTER TABLE public."appCarritoPedido_pedidodetalle" ALTER COLUMN id_pedido_detalle ADD GENERATED BY DEFAULT AS IDENTITY (
    SEQUENCE NAME public."appCarritoPedido_pedidodetalle_id_pedido_detalle_seq"
    START WITH 1
    INCREMENT BY 1
    NO MINVALUE
    NO MAXVALUE
    CACHE 1
);


--
-- Name: appIberiaExplorer_atributoplan; Type: TABLE; Schema: public; Owner: postgres
--

CREATE TABLE public."appIberiaExplorer_atributoplan" (
    id_atributo_plan integer NOT NULL,
    nombre character varying(255),
    plan_id integer
);


ALTER TABLE public."appIberiaExplorer_atributoplan" OWNER TO postgres;

--
-- Name: appIberiaExplorer_atributoplan_id_atributo_plan_seq; Type: SEQUENCE; Schema: public; Owner: postgres
--

ALTER TABLE public."appIberiaExplorer_atributoplan" ALTER COLUMN id_atributo_plan ADD GENERATED BY DEFAULT AS IDENTITY (
    SEQUENCE NAME public."appIberiaExplorer_atributoplan_id_atributo_plan_seq"
    START WITH 1
    INCREMENT BY 1
    NO MINVALUE
    NO MAXVALUE
    CACHE 1
);


--
-- Name: appIberiaExplorer_ciudad; Type: TABLE; Schema: public; Owner: postgres
--

CREATE TABLE public."appIberiaExplorer_ciudad" (
    id_ciudad integer NOT NULL,
    nombre character varying(255) NOT NULL,
    pais_id integer NOT NULL
);


ALTER TABLE public."appIberiaExplorer_ciudad" OWNER TO postgres;

--
-- Name: appIberiaExplorer_ciudad_id_ciudad_seq; Type: SEQUENCE; Schema: public; Owner: postgres
--

ALTER TABLE public."appIberiaExplorer_ciudad" ALTER COLUMN id_ciudad ADD GENERATED BY DEFAULT AS IDENTITY (
    SEQUENCE NAME public."appIberiaExplorer_ciudad_id_ciudad_seq"
    START WITH 1
    INCREMENT BY 1
    NO MINVALUE
    NO MAXVALUE
    CACHE 1
);


--
-- Name: appIberiaExplorer_continente; Type: TABLE; Schema: public; Owner: postgres
--

CREATE TABLE public."appIberiaExplorer_continente" (
    id_continente integer NOT NULL,
    nombre character varying(255) NOT NULL
);


ALTER TABLE public."appIberiaExplorer_continente" OWNER TO postgres;

--
-- Name: appIberiaExplorer_continente_id_continente_seq; Type: SEQUENCE; Schema: public; Owner: postgres
--

ALTER TABLE public."appIberiaExplorer_continente" ALTER COLUMN id_continente ADD GENERATED BY DEFAULT AS IDENTITY (
    SEQUENCE NAME public."appIberiaExplorer_continente_id_continente_seq"
    START WITH 1
    INCREMENT BY 1
    NO MINVALUE
    NO MAXVALUE
    CACHE 1
);


--
-- Name: appIberiaExplorer_pais; Type: TABLE; Schema: public; Owner: postgres
--

CREATE TABLE public."appIberiaExplorer_pais" (
    id_pais integer NOT NULL,
    nombre character varying(255) NOT NULL,
    continente_id integer NOT NULL
);


ALTER TABLE public."appIberiaExplorer_pais" OWNER TO postgres;

--
-- Name: appIberiaExplorer_pais_id_pais_seq; Type: SEQUENCE; Schema: public; Owner: postgres
--

ALTER TABLE public."appIberiaExplorer_pais" ALTER COLUMN id_pais ADD GENERATED BY DEFAULT AS IDENTITY (
    SEQUENCE NAME public."appIberiaExplorer_pais_id_pais_seq"
    START WITH 1
    INCREMENT BY 1
    NO MINVALUE
    NO MAXVALUE
    CACHE 1
);


--
-- Name: appIberiaExplorer_plan; Type: TABLE; Schema: public; Owner: postgres
--

CREATE TABLE public."appIberiaExplorer_plan" (
    id_plan integer NOT NULL,
    titulo character varying(255) NOT NULL,
    descripcion character varying(255) NOT NULL,
    precio double precision NOT NULL,
    fecha_inicio date,
    codigo_postal character varying(5),
    fecha_fin date,
    hora_inicio time without time zone,
    nombre_calle character varying(255),
    nombre_lugar character varying(255),
    organizador character varying(255),
    id_plan_api integer
);


ALTER TABLE public."appIberiaExplorer_plan" OWNER TO postgres;

--
-- Name: appIberiaExplorer_plan_id_plan_seq; Type: SEQUENCE; Schema: public; Owner: postgres
--

ALTER TABLE public."appIberiaExplorer_plan" ALTER COLUMN id_plan ADD GENERATED BY DEFAULT AS IDENTITY (
    SEQUENCE NAME public."appIberiaExplorer_plan_id_plan_seq"
    START WITH 1
    INCREMENT BY 1
    NO MINVALUE
    NO MAXVALUE
    CACHE 1
);


--
-- Name: appLoginRegistro_usuario; Type: TABLE; Schema: public; Owner: postgres
--

CREATE TABLE public."appLoginRegistro_usuario" (
    id_usuario integer NOT NULL,
    username character varying(255),
    apellido_1 character varying(255),
    apellido_2 character varying(255),
    email character varying(254) NOT NULL,
    password character varying(255) NOT NULL,
    telefono character varying(12),
    direccion character varying(75),
    fecha_baja timestamp with time zone,
    is_active boolean NOT NULL,
    is_superuser boolean NOT NULL,
    is_staff boolean NOT NULL,
    date_joined timestamp with time zone NOT NULL,
    last_login timestamp with time zone,
    email_confirmed boolean NOT NULL,
    confirmation_token character varying,
    id_ciudad_id integer,
    foto_perfil character varying(100)
);


ALTER TABLE public."appLoginRegistro_usuario" OWNER TO postgres;

--
-- Name: appLoginRegistro_usuario_groups; Type: TABLE; Schema: public; Owner: postgres
--

CREATE TABLE public."appLoginRegistro_usuario_groups" (
    id bigint NOT NULL,
    usuario_id integer NOT NULL,
    group_id integer NOT NULL
);


ALTER TABLE public."appLoginRegistro_usuario_groups" OWNER TO postgres;

--
-- Name: appLoginRegistro_usuario_groups_id_seq; Type: SEQUENCE; Schema: public; Owner: postgres
--

ALTER TABLE public."appLoginRegistro_usuario_groups" ALTER COLUMN id ADD GENERATED BY DEFAULT AS IDENTITY (
    SEQUENCE NAME public."appLoginRegistro_usuario_groups_id_seq"
    START WITH 1
    INCREMENT BY 1
    NO MINVALUE
    NO MAXVALUE
    CACHE 1
);


--
-- Name: appLoginRegistro_usuario_id_usuario_seq; Type: SEQUENCE; Schema: public; Owner: postgres
--

ALTER TABLE public."appLoginRegistro_usuario" ALTER COLUMN id_usuario ADD GENERATED BY DEFAULT AS IDENTITY (
    SEQUENCE NAME public."appLoginRegistro_usuario_id_usuario_seq"
    START WITH 1
    INCREMENT BY 1
    NO MINVALUE
    NO MAXVALUE
    CACHE 1
);


--
-- Name: appLoginRegistro_usuario_user_permissions; Type: TABLE; Schema: public; Owner: postgres
--

CREATE TABLE public."appLoginRegistro_usuario_user_permissions" (
    id bigint NOT NULL,
    usuario_id integer NOT NULL,
    permission_id integer NOT NULL
);


ALTER TABLE public."appLoginRegistro_usuario_user_permissions" OWNER TO postgres;

--
-- Name: appLoginRegistro_usuario_user_permissions_id_seq; Type: SEQUENCE; Schema: public; Owner: postgres
--

ALTER TABLE public."appLoginRegistro_usuario_user_permissions" ALTER COLUMN id ADD GENERATED BY DEFAULT AS IDENTITY (
    SEQUENCE NAME public."appLoginRegistro_usuario_user_permissions_id_seq"
    START WITH 1
    INCREMENT BY 1
    NO MINVALUE
    NO MAXVALUE
    CACHE 1
);


--
-- Name: appNotificaciones_notificacion; Type: TABLE; Schema: public; Owner: postgres
--

CREATE TABLE public."appNotificaciones_notificacion" (
    id integer NOT NULL,
    titulo_notificacion character varying,
    mensaje_notificacion text,
    "timestamp" timestamp with time zone NOT NULL,
    leido boolean NOT NULL,
    usuario_id integer
);


ALTER TABLE public."appNotificaciones_notificacion" OWNER TO postgres;

--
-- Name: appNotificaciones_notificacion_id_seq; Type: SEQUENCE; Schema: public; Owner: postgres
--

ALTER TABLE public."appNotificaciones_notificacion" ALTER COLUMN id ADD GENERATED BY DEFAULT AS IDENTITY (
    SEQUENCE NAME public."appNotificaciones_notificacion_id_seq"
    START WITH 1
    INCREMENT BY 1
    NO MINVALUE
    NO MAXVALUE
    CACHE 1
);


--
-- Name: auth_group; Type: TABLE; Schema: public; Owner: postgres
--

CREATE TABLE public.auth_group (
    id integer NOT NULL,
    name character varying(150) NOT NULL
);


ALTER TABLE public.auth_group OWNER TO postgres;

--
-- Name: auth_group_id_seq; Type: SEQUENCE; Schema: public; Owner: postgres
--

ALTER TABLE public.auth_group ALTER COLUMN id ADD GENERATED BY DEFAULT AS IDENTITY (
    SEQUENCE NAME public.auth_group_id_seq
    START WITH 1
    INCREMENT BY 1
    NO MINVALUE
    NO MAXVALUE
    CACHE 1
);


--
-- Name: auth_group_permissions; Type: TABLE; Schema: public; Owner: postgres
--

CREATE TABLE public.auth_group_permissions (
    id bigint NOT NULL,
    group_id integer NOT NULL,
    permission_id integer NOT NULL
);


ALTER TABLE public.auth_group_permissions OWNER TO postgres;

--
-- Name: auth_group_permissions_id_seq; Type: SEQUENCE; Schema: public; Owner: postgres
--

ALTER TABLE public.auth_group_permissions ALTER COLUMN id ADD GENERATED BY DEFAULT AS IDENTITY (
    SEQUENCE NAME public.auth_group_permissions_id_seq
    START WITH 1
    INCREMENT BY 1
    NO MINVALUE
    NO MAXVALUE
    CACHE 1
);


--
-- Name: auth_permission; Type: TABLE; Schema: public; Owner: postgres
--

CREATE TABLE public.auth_permission (
    id integer NOT NULL,
    name character varying(255) NOT NULL,
    content_type_id integer NOT NULL,
    codename character varying(100) NOT NULL
);


ALTER TABLE public.auth_permission OWNER TO postgres;

--
-- Name: auth_permission_id_seq; Type: SEQUENCE; Schema: public; Owner: postgres
--

ALTER TABLE public.auth_permission ALTER COLUMN id ADD GENERATED BY DEFAULT AS IDENTITY (
    SEQUENCE NAME public.auth_permission_id_seq
    START WITH 1
    INCREMENT BY 1
    NO MINVALUE
    NO MAXVALUE
    CACHE 1
);


--
-- Name: django_admin_log; Type: TABLE; Schema: public; Owner: postgres
--

CREATE TABLE public.django_admin_log (
    id integer NOT NULL,
    action_time timestamp with time zone NOT NULL,
    object_id text,
    object_repr character varying(200) NOT NULL,
    action_flag smallint NOT NULL,
    change_message text NOT NULL,
    content_type_id integer,
    user_id integer NOT NULL,
    CONSTRAINT django_admin_log_action_flag_check CHECK ((action_flag >= 0))
);


ALTER TABLE public.django_admin_log OWNER TO postgres;

--
-- Name: django_admin_log_id_seq; Type: SEQUENCE; Schema: public; Owner: postgres
--

ALTER TABLE public.django_admin_log ALTER COLUMN id ADD GENERATED BY DEFAULT AS IDENTITY (
    SEQUENCE NAME public.django_admin_log_id_seq
    START WITH 1
    INCREMENT BY 1
    NO MINVALUE
    NO MAXVALUE
    CACHE 1
);


--
-- Name: django_content_type; Type: TABLE; Schema: public; Owner: postgres
--

CREATE TABLE public.django_content_type (
    id integer NOT NULL,
    app_label character varying(100) NOT NULL,
    model character varying(100) NOT NULL
);


ALTER TABLE public.django_content_type OWNER TO postgres;

--
-- Name: django_content_type_id_seq; Type: SEQUENCE; Schema: public; Owner: postgres
--

ALTER TABLE public.django_content_type ALTER COLUMN id ADD GENERATED BY DEFAULT AS IDENTITY (
    SEQUENCE NAME public.django_content_type_id_seq
    START WITH 1
    INCREMENT BY 1
    NO MINVALUE
    NO MAXVALUE
    CACHE 1
);


--
-- Name: django_migrations; Type: TABLE; Schema: public; Owner: postgres
--

CREATE TABLE public.django_migrations (
    id bigint NOT NULL,
    app character varying(255) NOT NULL,
    name character varying(255) NOT NULL,
    applied timestamp with time zone NOT NULL
);


ALTER TABLE public.django_migrations OWNER TO postgres;

--
-- Name: django_migrations_id_seq; Type: SEQUENCE; Schema: public; Owner: postgres
--

ALTER TABLE public.django_migrations ALTER COLUMN id ADD GENERATED BY DEFAULT AS IDENTITY (
    SEQUENCE NAME public.django_migrations_id_seq
    START WITH 1
    INCREMENT BY 1
    NO MINVALUE
    NO MAXVALUE
    CACHE 1
);


--
-- Name: django_session; Type: TABLE; Schema: public; Owner: postgres
--

CREATE TABLE public.django_session (
    session_key character varying(40) NOT NULL,
    session_data text NOT NULL,
    expire_date timestamp with time zone NOT NULL
);


ALTER TABLE public.django_session OWNER TO postgres;

--
-- Name: django_site; Type: TABLE; Schema: public; Owner: postgres
--

CREATE TABLE public.django_site (
    id integer NOT NULL,
    domain character varying(100) NOT NULL,
    name character varying(50) NOT NULL
);


ALTER TABLE public.django_site OWNER TO postgres;

--
-- Name: django_site_id_seq; Type: SEQUENCE; Schema: public; Owner: postgres
--

ALTER TABLE public.django_site ALTER COLUMN id ADD GENERATED BY DEFAULT AS IDENTITY (
    SEQUENCE NAME public.django_site_id_seq
    START WITH 1
    INCREMENT BY 1
    NO MINVALUE
    NO MAXVALUE
    CACHE 1
);


--
-- Name: socialaccount_socialaccount; Type: TABLE; Schema: public; Owner: postgres
--

CREATE TABLE public.socialaccount_socialaccount (
    id integer NOT NULL,
    provider character varying(200) NOT NULL,
    uid character varying(191) NOT NULL,
    last_login timestamp with time zone NOT NULL,
    date_joined timestamp with time zone NOT NULL,
    extra_data jsonb NOT NULL,
    user_id integer NOT NULL
);


ALTER TABLE public.socialaccount_socialaccount OWNER TO postgres;

--
-- Name: socialaccount_socialaccount_id_seq; Type: SEQUENCE; Schema: public; Owner: postgres
--

ALTER TABLE public.socialaccount_socialaccount ALTER COLUMN id ADD GENERATED BY DEFAULT AS IDENTITY (
    SEQUENCE NAME public.socialaccount_socialaccount_id_seq
    START WITH 1
    INCREMENT BY 1
    NO MINVALUE
    NO MAXVALUE
    CACHE 1
);


--
-- Name: socialaccount_socialapp; Type: TABLE; Schema: public; Owner: postgres
--

CREATE TABLE public.socialaccount_socialapp (
    id integer NOT NULL,
    provider character varying(30) NOT NULL,
    name character varying(40) NOT NULL,
    client_id character varying(191) NOT NULL,
    secret character varying(191) NOT NULL,
    key character varying(191) NOT NULL,
    provider_id character varying(200) NOT NULL,
    settings jsonb NOT NULL
);


ALTER TABLE public.socialaccount_socialapp OWNER TO postgres;

--
-- Name: socialaccount_socialapp_id_seq; Type: SEQUENCE; Schema: public; Owner: postgres
--

ALTER TABLE public.socialaccount_socialapp ALTER COLUMN id ADD GENERATED BY DEFAULT AS IDENTITY (
    SEQUENCE NAME public.socialaccount_socialapp_id_seq
    START WITH 1
    INCREMENT BY 1
    NO MINVALUE
    NO MAXVALUE
    CACHE 1
);


--
-- Name: socialaccount_socialapp_sites; Type: TABLE; Schema: public; Owner: postgres
--

CREATE TABLE public.socialaccount_socialapp_sites (
    id bigint NOT NULL,
    socialapp_id integer NOT NULL,
    site_id integer NOT NULL
);


ALTER TABLE public.socialaccount_socialapp_sites OWNER TO postgres;

--
-- Name: socialaccount_socialapp_sites_id_seq; Type: SEQUENCE; Schema: public; Owner: postgres
--

ALTER TABLE public.socialaccount_socialapp_sites ALTER COLUMN id ADD GENERATED BY DEFAULT AS IDENTITY (
    SEQUENCE NAME public.socialaccount_socialapp_sites_id_seq
    START WITH 1
    INCREMENT BY 1
    NO MINVALUE
    NO MAXVALUE
    CACHE 1
);


--
-- Name: socialaccount_socialtoken; Type: TABLE; Schema: public; Owner: postgres
--

CREATE TABLE public.socialaccount_socialtoken (
    id integer NOT NULL,
    token text NOT NULL,
    token_secret text NOT NULL,
    expires_at timestamp with time zone,
    account_id integer NOT NULL,
    app_id integer
);


ALTER TABLE public.socialaccount_socialtoken OWNER TO postgres;

--
-- Name: socialaccount_socialtoken_id_seq; Type: SEQUENCE; Schema: public; Owner: postgres
--

ALTER TABLE public.socialaccount_socialtoken ALTER COLUMN id ADD GENERATED BY DEFAULT AS IDENTITY (
    SEQUENCE NAME public.socialaccount_socialtoken_id_seq
    START WITH 1
    INCREMENT BY 1
    NO MINVALUE
    NO MAXVALUE
    CACHE 1
);


--
-- Data for Name: account_emailaddress; Type: TABLE DATA; Schema: public; Owner: postgres
--

COPY public.account_emailaddress (id, email, verified, "primary", user_id) FROM stdin;
\.


--
-- Data for Name: account_emailconfirmation; Type: TABLE DATA; Schema: public; Owner: postgres
--

COPY public.account_emailconfirmation (id, created, sent, key, email_address_id) FROM stdin;
\.


--
-- Data for Name: appAjustes_usuariopreferencia; Type: TABLE DATA; Schema: public; Owner: postgres
--

COPY public."appAjustes_usuariopreferencia" (id_preferencia, atributo_plan_id, usuario_id) FROM stdin;
\.


--
-- Data for Name: appCarritoPedido_carrito; Type: TABLE DATA; Schema: public; Owner: postgres
--

COPY public."appCarritoPedido_carrito" (id_carrito, id_usuario_id) FROM stdin;
\.


--
-- Data for Name: appCarritoPedido_carritodetalle; Type: TABLE DATA; Schema: public; Owner: postgres
--

COPY public."appCarritoPedido_carritodetalle" (id_carrito_detalle, cantidad, id_carrito_id, id_plan_id) FROM stdin;
\.


--
-- Data for Name: appCarritoPedido_pedido; Type: TABLE DATA; Schema: public; Owner: postgres
--

COPY public."appCarritoPedido_pedido" (id_pedido, fecha_reserva, total, id_cliente_id, estado) FROM stdin;
\.


--
-- Data for Name: appCarritoPedido_pedidodetalle; Type: TABLE DATA; Schema: public; Owner: postgres
--

COPY public."appCarritoPedido_pedidodetalle" (id_pedido_detalle, cantidad, id_pedido_id, id_plan_id) FROM stdin;
\.


--
-- Data for Name: appIberiaExplorer_atributoplan; Type: TABLE DATA; Schema: public; Owner: postgres
--

COPY public."appIberiaExplorer_atributoplan" (id_atributo_plan, nombre, plan_id) FROM stdin;
\.


--
-- Data for Name: appIberiaExplorer_ciudad; Type: TABLE DATA; Schema: public; Owner: postgres
--

COPY public."appIberiaExplorer_ciudad" (id_ciudad, nombre, pais_id) FROM stdin;
1	Madrid	1
2	Barcelona	1
3	Valencia	1
4	Seville	1
5	Zaragoza	1
6	Málaga	1
7	Murcia	1
8	Palma	1
9	Las Palmas de Gran Canaria	1
10	Bilbao	1
11	Alicante	1
12	Córdoba	1
13	Valladolid	1
14	Vigo	1
15	Gijón	1
16	L'Hospitalet de Llobregat	1
17	A Coruña	1
18	Vitoria-Gasteiz	1
19	Granada	1
20	Elche	1
\.


--
-- Data for Name: appIberiaExplorer_continente; Type: TABLE DATA; Schema: public; Owner: postgres
--

COPY public."appIberiaExplorer_continente" (id_continente, nombre) FROM stdin;
1	Europa
2	Asia
3	África
4	América
5	Oceanía
\.


--
-- Data for Name: appIberiaExplorer_pais; Type: TABLE DATA; Schema: public; Owner: postgres
--

COPY public."appIberiaExplorer_pais" (id_pais, nombre, continente_id) FROM stdin;
1	España	1
\.


--
-- Data for Name: appIberiaExplorer_plan; Type: TABLE DATA; Schema: public; Owner: postgres
--

COPY public."appIberiaExplorer_plan" (id_plan, titulo, descripcion, precio, fecha_inicio, codigo_postal, fecha_fin, hora_inicio, nombre_calle, nombre_lugar, organizador, id_plan_api) FROM stdin;
\.


--
-- Data for Name: appLoginRegistro_usuario; Type: TABLE DATA; Schema: public; Owner: postgres
--

COPY public."appLoginRegistro_usuario" (id_usuario, username, apellido_1, apellido_2, email, password, telefono, direccion, fecha_baja, is_active, is_superuser, is_staff, date_joined, last_login, email_confirmed, confirmation_token, id_ciudad_id, foto_perfil) FROM stdin;
2	\N	\N	\N	mariodelcampo@centroculturalsalmantino.com	pbkdf2_sha256$720000$yBWdbpWaG5wC6GnvIVZVlB$0SJ7Qtl1a/A58KuQk8TpswzV/GQ6F+kavKQm3KU+PAg=	\N	\N	\N	t	t	t	2024-06-08 18:33:29.589569+02	\N	f	\N	\N	img/profile_pictures/default.png
1	\N	\N	\N	gabrielramos@centroculturalsalmantino.com	pbkdf2_sha256$720000$YxJS5ZrIYYS5ckgsF9N6yW$u27WYFDe0qFo41XnZm5RUfjiLN0JKmKZXi3fvQiGMv0=	\N	\N	\N	t	t	t	2024-06-08 18:31:06.908177+02	2024-06-08 18:33:56.820883+02	f	\N	\N	img/profile_pictures/default.png
\.


--
-- Data for Name: appLoginRegistro_usuario_groups; Type: TABLE DATA; Schema: public; Owner: postgres
--

COPY public."appLoginRegistro_usuario_groups" (id, usuario_id, group_id) FROM stdin;
\.


--
-- Data for Name: appLoginRegistro_usuario_user_permissions; Type: TABLE DATA; Schema: public; Owner: postgres
--

COPY public."appLoginRegistro_usuario_user_permissions" (id, usuario_id, permission_id) FROM stdin;
\.


--
-- Data for Name: appNotificaciones_notificacion; Type: TABLE DATA; Schema: public; Owner: postgres
--

COPY public."appNotificaciones_notificacion" (id, titulo_notificacion, mensaje_notificacion, "timestamp", leido, usuario_id) FROM stdin;
\.


--
-- Data for Name: auth_group; Type: TABLE DATA; Schema: public; Owner: postgres
--

COPY public.auth_group (id, name) FROM stdin;
\.


--
-- Data for Name: auth_group_permissions; Type: TABLE DATA; Schema: public; Owner: postgres
--

COPY public.auth_group_permissions (id, group_id, permission_id) FROM stdin;
\.


--
-- Data for Name: auth_permission; Type: TABLE DATA; Schema: public; Owner: postgres
--

COPY public.auth_permission (id, name, content_type_id, codename) FROM stdin;
1	Can add log entry	1	add_logentry
2	Can change log entry	1	change_logentry
3	Can delete log entry	1	delete_logentry
4	Can view log entry	1	view_logentry
5	Can add permission	2	add_permission
6	Can change permission	2	change_permission
7	Can delete permission	2	delete_permission
8	Can view permission	2	view_permission
9	Can add group	3	add_group
10	Can change group	3	change_group
11	Can delete group	3	delete_group
12	Can view group	3	view_group
13	Can add content type	4	add_contenttype
14	Can change content type	4	change_contenttype
15	Can delete content type	4	delete_contenttype
16	Can view content type	4	view_contenttype
17	Can add session	5	add_session
18	Can change session	5	change_session
19	Can delete session	5	delete_session
20	Can view session	5	view_session
21	Can add site	6	add_site
22	Can change site	6	change_site
23	Can delete site	6	delete_site
24	Can view site	6	view_site
25	Can add email address	7	add_emailaddress
26	Can change email address	7	change_emailaddress
27	Can delete email address	7	delete_emailaddress
28	Can view email address	7	view_emailaddress
29	Can add email confirmation	8	add_emailconfirmation
30	Can change email confirmation	8	change_emailconfirmation
31	Can delete email confirmation	8	delete_emailconfirmation
32	Can view email confirmation	8	view_emailconfirmation
33	Can add social account	9	add_socialaccount
34	Can change social account	9	change_socialaccount
35	Can delete social account	9	delete_socialaccount
36	Can view social account	9	view_socialaccount
37	Can add social application	10	add_socialapp
38	Can change social application	10	change_socialapp
39	Can delete social application	10	delete_socialapp
40	Can view social application	10	view_socialapp
41	Can add social application token	11	add_socialtoken
42	Can change social application token	11	change_socialtoken
43	Can delete social application token	11	delete_socialtoken
44	Can view social application token	11	view_socialtoken
45	Can add AtributoPlan	12	add_atributoplan
46	Can change AtributoPlan	12	change_atributoplan
47	Can delete AtributoPlan	12	delete_atributoplan
48	Can view AtributoPlan	12	view_atributoplan
49	Can add Ciudad	13	add_ciudad
50	Can change Ciudad	13	change_ciudad
51	Can delete Ciudad	13	delete_ciudad
52	Can view Ciudad	13	view_ciudad
53	Can add Continente	14	add_continente
54	Can change Continente	14	change_continente
55	Can delete Continente	14	delete_continente
56	Can view Continente	14	view_continente
57	Can add Pais	15	add_pais
58	Can change Pais	15	change_pais
59	Can delete Pais	15	delete_pais
60	Can view Pais	15	view_pais
61	Can add Plan	16	add_plan
62	Can change Plan	16	change_plan
63	Can delete Plan	16	delete_plan
64	Can view Plan	16	view_plan
65	Can add Usuario	17	add_usuario
66	Can change Usuario	17	change_usuario
67	Can delete Usuario	17	delete_usuario
68	Can view Usuario	17	view_usuario
69	Can add Carrito	18	add_carrito
70	Can change Carrito	18	change_carrito
71	Can delete Carrito	18	delete_carrito
72	Can view Carrito	18	view_carrito
73	Can add CarritoDetalle	19	add_carritodetalle
74	Can change CarritoDetalle	19	change_carritodetalle
75	Can delete CarritoDetalle	19	delete_carritodetalle
76	Can view CarritoDetalle	19	view_carritodetalle
77	Can add Pedido	20	add_pedido
78	Can change Pedido	20	change_pedido
79	Can delete Pedido	20	delete_pedido
80	Can view Pedido	20	view_pedido
81	Can add PedidoDetalle	21	add_pedidodetalle
82	Can change PedidoDetalle	21	change_pedidodetalle
83	Can delete PedidoDetalle	21	delete_pedidodetalle
84	Can view PedidoDetalle	21	view_pedidodetalle
85	Can add Notificacion	22	add_notificacion
86	Can change Notificacion	22	change_notificacion
87	Can delete Notificacion	22	delete_notificacion
88	Can view Notificacion	22	view_notificacion
89	Can add UsuarioPreferencia	23	add_usuariopreferencia
90	Can change UsuarioPreferencia	23	change_usuariopreferencia
91	Can delete UsuarioPreferencia	23	delete_usuariopreferencia
92	Can view UsuarioPreferencia	23	view_usuariopreferencia
\.


--
-- Data for Name: django_admin_log; Type: TABLE DATA; Schema: public; Owner: postgres
--

COPY public.django_admin_log (id, action_time, object_id, object_repr, action_flag, change_message, content_type_id, user_id) FROM stdin;
1	2024-06-08 18:35:06.609379+02	1	http://127.0.0.1:8000	2	[{"changed": {"fields": ["Domain name", "Display name"]}}]	6	1
2	2024-06-08 18:35:28.867468+02	1	google	1	[{"added": {}}]	10	1
\.


--
-- Data for Name: django_content_type; Type: TABLE DATA; Schema: public; Owner: postgres
--

COPY public.django_content_type (id, app_label, model) FROM stdin;
1	admin	logentry
2	auth	permission
3	auth	group
4	contenttypes	contenttype
5	sessions	session
6	sites	site
7	account	emailaddress
8	account	emailconfirmation
9	socialaccount	socialaccount
10	socialaccount	socialapp
11	socialaccount	socialtoken
12	appIberiaExplorer	atributoplan
13	appIberiaExplorer	ciudad
14	appIberiaExplorer	continente
15	appIberiaExplorer	pais
16	appIberiaExplorer	plan
17	appLoginRegistro	usuario
18	appCarritoPedido	carrito
19	appCarritoPedido	carritodetalle
20	appCarritoPedido	pedido
21	appCarritoPedido	pedidodetalle
22	appNotificaciones	notificacion
23	appAjustes	usuariopreferencia
\.


--
-- Data for Name: django_migrations; Type: TABLE DATA; Schema: public; Owner: postgres
--

COPY public.django_migrations (id, app, name, applied) FROM stdin;
1	contenttypes	0001_initial	2024-06-08 18:28:29.263857+02
2	contenttypes	0002_remove_content_type_name	2024-06-08 18:28:29.274018+02
3	auth	0001_initial	2024-06-08 18:28:29.328394+02
4	auth	0002_alter_permission_name_max_length	2024-06-08 18:28:29.332894+02
5	auth	0003_alter_user_email_max_length	2024-06-08 18:28:29.337588+02
6	auth	0004_alter_user_username_opts	2024-06-08 18:28:29.34272+02
7	auth	0005_alter_user_last_login_null	2024-06-08 18:28:29.346187+02
8	auth	0006_require_contenttypes_0002	2024-06-08 18:28:29.348419+02
9	auth	0007_alter_validators_add_error_messages	2024-06-08 18:28:29.354258+02
10	auth	0008_alter_user_username_max_length	2024-06-08 18:28:29.358274+02
11	auth	0009_alter_user_last_name_max_length	2024-06-08 18:28:29.362626+02
12	auth	0010_alter_group_name_max_length	2024-06-08 18:28:29.371764+02
13	auth	0011_update_proxy_permissions	2024-06-08 18:28:29.377983+02
14	auth	0012_alter_user_first_name_max_length	2024-06-08 18:28:29.383985+02
15	appIberiaExplorer	0001_initial	2024-06-08 18:28:29.465115+02
16	appLoginRegistro	0001_initial	2024-06-08 18:28:29.530929+02
17	account	0001_initial	2024-06-08 18:28:29.579984+02
18	account	0002_email_max_length	2024-06-08 18:28:29.590342+02
19	account	0003_alter_emailaddress_create_unique_verified_email	2024-06-08 18:28:29.610342+02
20	account	0004_alter_emailaddress_drop_unique_email	2024-06-08 18:28:29.631948+02
21	account	0005_emailaddress_idx_upper_email	2024-06-08 18:28:29.646133+02
22	account	0006_emailaddress_lower	2024-06-08 18:28:29.662905+02
23	account	0007_emailaddress_idx_email	2024-06-08 18:28:29.680511+02
24	account	0008_emailaddress_unique_primary_email_fixup	2024-06-08 18:28:29.697548+02
25	account	0009_emailaddress_unique_primary_email	2024-06-08 18:28:29.707553+02
26	admin	0001_initial	2024-06-08 18:28:29.735857+02
27	admin	0002_logentry_remove_auto_add	2024-06-08 18:28:29.742858+02
28	admin	0003_logentry_add_action_flag_choices	2024-06-08 18:28:29.751368+02
29	appIberiaExplorer	0002_initial	2024-06-08 18:28:30.030347+02
30	appIberiaExplorer	0003_carrito_carritodetalle_pedido_pedidodetalle_and_more	2024-06-08 18:28:30.133025+02
31	appIberiaExplorer	0004_remove_plan_id_proveedor_remove_plan_id_tipo_plan	2024-06-08 18:28:30.168663+02
32	appIberiaExplorer	0005_alter_carrito_options	2024-06-08 18:28:30.179227+02
33	appIberiaExplorer	0006_alter_pedido_fecha_reserva	2024-06-08 18:28:30.190221+02
34	appIberiaExplorer	0007_remove_carritodetalle_id_carrito_and_more	2024-06-08 18:28:30.27807+02
35	appIberiaExplorer	0008_remove_tipoplan_id_proveedor_and_more	2024-06-08 18:28:30.405512+02
36	appIberiaExplorer	0009_remove_plan_id_tipo_plan_and_more	2024-06-08 18:28:30.435168+02
37	appIberiaExplorer	0010_plan_id_plan_api	2024-06-08 18:28:30.444288+02
38	appIberiaExplorer	0011_delete_notificacion	2024-06-08 18:28:30.44764+02
39	appIberiaExplorer	0012_remove_favorito_id_plan_remove_favorito_id_usuario_and_more	2024-06-08 18:28:30.485227+02
40	appIberiaExplorer	0013_remove_comentario_id_plan_and_more	2024-06-08 18:28:30.6128+02
41	appAjustes	0001_initial	2024-06-08 18:28:30.639053+02
42	appCarritoPedido	0001_initial	2024-06-08 18:28:30.722425+02
43	appCarritoPedido	0002_carritodetalle_coste_total	2024-06-08 18:28:30.783908+02
44	appCarritoPedido	0003_remove_carritodetalle_coste_total_pedido_estado	2024-06-08 18:28:30.796653+02
45	appLoginRegistro	0002_alter_usuario_fecha_baja_alter_usuario_id_ciudad	2024-06-08 18:28:30.813476+02
46	appLoginRegistro	0003_usuario_foto_perfil	2024-06-08 18:28:30.826331+02
47	appLoginRegistro	0004_alter_usuario_foto_perfil	2024-06-08 18:28:30.835804+02
48	appLoginRegistro	0005_remove_usuario_id_plan	2024-06-08 18:28:30.851252+02
49	appLoginRegistro	0006_alter_usuario_apellido_1_alter_usuario_apellido_2_and_more	2024-06-08 18:28:30.882746+02
50	appNotificaciones	0001_initial	2024-06-08 18:28:30.909709+02
51	sessions	0001_initial	2024-06-08 18:28:30.924905+02
52	sites	0001_initial	2024-06-08 18:28:30.93052+02
53	sites	0002_alter_domain_unique	2024-06-08 18:28:30.940093+02
54	socialaccount	0001_initial	2024-06-08 18:28:31.03769+02
55	socialaccount	0002_token_max_lengths	2024-06-08 18:28:31.060825+02
56	socialaccount	0003_extra_data_default_dict	2024-06-08 18:28:31.070088+02
57	socialaccount	0004_app_provider_id_settings	2024-06-08 18:28:31.089285+02
58	socialaccount	0005_socialtoken_nullable_app	2024-06-08 18:28:31.110707+02
59	socialaccount	0006_alter_socialaccount_extra_data	2024-06-08 18:28:31.137881+02
\.


--
-- Data for Name: django_session; Type: TABLE DATA; Schema: public; Owner: postgres
--

COPY public.django_session (session_key, session_data, expire_date) FROM stdin;
ez5eto33gw6j471f5nzj49g6bhtmf9c9	.eJxVjDsOwjAUBO_iGll5_sQJJT1nsPbFNg4gW4qTCnF3iJQC2p2ZfQmPbc1-a3HxcxBnQeL0uzGmRyw7CHeUW5VTLesys9wVedAmrzXE5-Vw_w4yWv7WHFWXHNGQXFI8kjF6hLFsKSoL8ADWCa6Hg4qwRjv0qqMUQFYBEO8P5js4Og:1sFz0u:pdJyxzdFtoqGiEC4iCA0-eCxYrB7CoP2f-IOip8y0xI	2024-06-22 18:33:56.824482+02
\.


--
-- Data for Name: django_site; Type: TABLE DATA; Schema: public; Owner: postgres
--

COPY public.django_site (id, domain, name) FROM stdin;
1	http://127.0.0.1:8000	http://127.0.0.1:8000
\.


--
-- Data for Name: socialaccount_socialaccount; Type: TABLE DATA; Schema: public; Owner: postgres
--

COPY public.socialaccount_socialaccount (id, provider, uid, last_login, date_joined, extra_data, user_id) FROM stdin;
\.


--
-- Data for Name: socialaccount_socialapp; Type: TABLE DATA; Schema: public; Owner: postgres
--

COPY public.socialaccount_socialapp (id, provider, name, client_id, secret, key, provider_id, settings) FROM stdin;
1	google	google	738673292616-jceihjmkf2ibk9b67bbhvapmb13pvqgr.apps.googleusercontent.com	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			{}
\.


--
-- Data for Name: socialaccount_socialapp_sites; Type: TABLE DATA; Schema: public; Owner: postgres
--

COPY public.socialaccount_socialapp_sites (id, socialapp_id, site_id) FROM stdin;
1	1	1
\.


--
-- Data for Name: socialaccount_socialtoken; Type: TABLE DATA; Schema: public; Owner: postgres
--

COPY public.socialaccount_socialtoken (id, token, token_secret, expires_at, account_id, app_id) FROM stdin;
\.


--
-- Name: account_emailaddress_id_seq; Type: SEQUENCE SET; Schema: public; Owner: postgres
--

SELECT pg_catalog.setval('public.account_emailaddress_id_seq', 1, false);


--
-- Name: account_emailconfirmation_id_seq; Type: SEQUENCE SET; Schema: public; Owner: postgres
--

SELECT pg_catalog.setval('public.account_emailconfirmation_id_seq', 1, false);


--
-- Name: appAjustes_usuariopreferencia_id_preferencia_seq; Type: SEQUENCE SET; Schema: public; Owner: postgres
--

SELECT pg_catalog.setval('public."appAjustes_usuariopreferencia_id_preferencia_seq"', 1, false);


--
-- Name: appCarritoPedido_carrito_id_carrito_seq; Type: SEQUENCE SET; Schema: public; Owner: postgres
--

SELECT pg_catalog.setval('public."appCarritoPedido_carrito_id_carrito_seq"', 1, false);


--
-- Name: appCarritoPedido_carritodetalle_id_carrito_detalle_seq; Type: SEQUENCE SET; Schema: public; Owner: postgres
--

SELECT pg_catalog.setval('public."appCarritoPedido_carritodetalle_id_carrito_detalle_seq"', 1, false);


--
-- Name: appCarritoPedido_pedido_id_pedido_seq; Type: SEQUENCE SET; Schema: public; Owner: postgres
--

SELECT pg_catalog.setval('public."appCarritoPedido_pedido_id_pedido_seq"', 1, false);


--
-- Name: appCarritoPedido_pedidodetalle_id_pedido_detalle_seq; Type: SEQUENCE SET; Schema: public; Owner: postgres
--

SELECT pg_catalog.setval('public."appCarritoPedido_pedidodetalle_id_pedido_detalle_seq"', 1, false);


--
-- Name: appIberiaExplorer_atributoplan_id_atributo_plan_seq; Type: SEQUENCE SET; Schema: public; Owner: postgres
--

SELECT pg_catalog.setval('public."appIberiaExplorer_atributoplan_id_atributo_plan_seq"', 1, false);


--
-- Name: appIberiaExplorer_ciudad_id_ciudad_seq; Type: SEQUENCE SET; Schema: public; Owner: postgres
--

SELECT pg_catalog.setval('public."appIberiaExplorer_ciudad_id_ciudad_seq"', 20, true);


--
-- Name: appIberiaExplorer_continente_id_continente_seq; Type: SEQUENCE SET; Schema: public; Owner: postgres
--

SELECT pg_catalog.setval('public."appIberiaExplorer_continente_id_continente_seq"', 5, true);


--
-- Name: appIberiaExplorer_pais_id_pais_seq; Type: SEQUENCE SET; Schema: public; Owner: postgres
--

SELECT pg_catalog.setval('public."appIberiaExplorer_pais_id_pais_seq"', 1, true);


--
-- Name: appIberiaExplorer_plan_id_plan_seq; Type: SEQUENCE SET; Schema: public; Owner: postgres
--

SELECT pg_catalog.setval('public."appIberiaExplorer_plan_id_plan_seq"', 1, false);


--
-- Name: appLoginRegistro_usuario_groups_id_seq; Type: SEQUENCE SET; Schema: public; Owner: postgres
--

SELECT pg_catalog.setval('public."appLoginRegistro_usuario_groups_id_seq"', 1, false);


--
-- Name: appLoginRegistro_usuario_id_usuario_seq; Type: SEQUENCE SET; Schema: public; Owner: postgres
--

SELECT pg_catalog.setval('public."appLoginRegistro_usuario_id_usuario_seq"', 2, true);


--
-- Name: appLoginRegistro_usuario_user_permissions_id_seq; Type: SEQUENCE SET; Schema: public; Owner: postgres
--

SELECT pg_catalog.setval('public."appLoginRegistro_usuario_user_permissions_id_seq"', 1, false);


--
-- Name: appNotificaciones_notificacion_id_seq; Type: SEQUENCE SET; Schema: public; Owner: postgres
--

SELECT pg_catalog.setval('public."appNotificaciones_notificacion_id_seq"', 1, false);


--
-- Name: auth_group_id_seq; Type: SEQUENCE SET; Schema: public; Owner: postgres
--

SELECT pg_catalog.setval('public.auth_group_id_seq', 1, false);


--
-- Name: auth_group_permissions_id_seq; Type: SEQUENCE SET; Schema: public; Owner: postgres
--

SELECT pg_catalog.setval('public.auth_group_permissions_id_seq', 1, false);


--
-- Name: auth_permission_id_seq; Type: SEQUENCE SET; Schema: public; Owner: postgres
--

SELECT pg_catalog.setval('public.auth_permission_id_seq', 92, true);


--
-- Name: django_admin_log_id_seq; Type: SEQUENCE SET; Schema: public; Owner: postgres
--

SELECT pg_catalog.setval('public.django_admin_log_id_seq', 2, true);


--
-- Name: django_content_type_id_seq; Type: SEQUENCE SET; Schema: public; Owner: postgres
--

SELECT pg_catalog.setval('public.django_content_type_id_seq', 23, true);


--
-- Name: django_migrations_id_seq; Type: SEQUENCE SET; Schema: public; Owner: postgres
--

SELECT pg_catalog.setval('public.django_migrations_id_seq', 59, true);


--
-- Name: django_site_id_seq; Type: SEQUENCE SET; Schema: public; Owner: postgres
--

SELECT pg_catalog.setval('public.django_site_id_seq', 1, true);


--
-- Name: socialaccount_socialaccount_id_seq; Type: SEQUENCE SET; Schema: public; Owner: postgres
--

SELECT pg_catalog.setval('public.socialaccount_socialaccount_id_seq', 1, false);


--
-- Name: socialaccount_socialapp_id_seq; Type: SEQUENCE SET; Schema: public; Owner: postgres
--

SELECT pg_catalog.setval('public.socialaccount_socialapp_id_seq', 1, true);


--
-- Name: socialaccount_socialapp_sites_id_seq; Type: SEQUENCE SET; Schema: public; Owner: postgres
--

SELECT pg_catalog.setval('public.socialaccount_socialapp_sites_id_seq', 1, true);


--
-- Name: socialaccount_socialtoken_id_seq; Type: SEQUENCE SET; Schema: public; Owner: postgres
--

SELECT pg_catalog.setval('public.socialaccount_socialtoken_id_seq', 1, false);


--
-- Name: account_emailaddress account_emailaddress_pkey; Type: CONSTRAINT; Schema: public; Owner: postgres
--

ALTER TABLE ONLY public.account_emailaddress
    ADD CONSTRAINT account_emailaddress_pkey PRIMARY KEY (id);


--
-- Name: account_emailaddress account_emailaddress_user_id_email_987c8728_uniq; Type: CONSTRAINT; Schema: public; Owner: postgres
--

ALTER TABLE ONLY public.account_emailaddress
    ADD CONSTRAINT account_emailaddress_user_id_email_987c8728_uniq UNIQUE (user_id, email);


--
-- Name: account_emailconfirmation account_emailconfirmation_key_key; Type: CONSTRAINT; Schema: public; Owner: postgres
--

ALTER TABLE ONLY public.account_emailconfirmation
    ADD CONSTRAINT account_emailconfirmation_key_key UNIQUE (key);


--
-- Name: account_emailconfirmation account_emailconfirmation_pkey; Type: CONSTRAINT; Schema: public; Owner: postgres
--

ALTER TABLE ONLY public.account_emailconfirmation
    ADD CONSTRAINT account_emailconfirmation_pkey PRIMARY KEY (id);


--
-- Name: appAjustes_usuariopreferencia appAjustes_usuariopreferencia_pkey; Type: CONSTRAINT; Schema: public; Owner: postgres
--

ALTER TABLE ONLY public."appAjustes_usuariopreferencia"
    ADD CONSTRAINT "appAjustes_usuariopreferencia_pkey" PRIMARY KEY (id_preferencia);


--
-- Name: appCarritoPedido_carrito appCarritoPedido_carrito_pkey; Type: CONSTRAINT; Schema: public; Owner: postgres
--

ALTER TABLE ONLY public."appCarritoPedido_carrito"
    ADD CONSTRAINT "appCarritoPedido_carrito_pkey" PRIMARY KEY (id_carrito);


--
-- Name: appCarritoPedido_carritodetalle appCarritoPedido_carritodetalle_pkey; Type: CONSTRAINT; Schema: public; Owner: postgres
--

ALTER TABLE ONLY public."appCarritoPedido_carritodetalle"
    ADD CONSTRAINT "appCarritoPedido_carritodetalle_pkey" PRIMARY KEY (id_carrito_detalle);


--
-- Name: appCarritoPedido_pedido appCarritoPedido_pedido_pkey; Type: CONSTRAINT; Schema: public; Owner: postgres
--

ALTER TABLE ONLY public."appCarritoPedido_pedido"
    ADD CONSTRAINT "appCarritoPedido_pedido_pkey" PRIMARY KEY (id_pedido);


--
-- Name: appCarritoPedido_pedidodetalle appCarritoPedido_pedidodetalle_pkey; Type: CONSTRAINT; Schema: public; Owner: postgres
--

ALTER TABLE ONLY public."appCarritoPedido_pedidodetalle"
    ADD CONSTRAINT "appCarritoPedido_pedidodetalle_pkey" PRIMARY KEY (id_pedido_detalle);


--
-- Name: appIberiaExplorer_atributoplan appIberiaExplorer_atributoplan_pkey; Type: CONSTRAINT; Schema: public; Owner: postgres
--

ALTER TABLE ONLY public."appIberiaExplorer_atributoplan"
    ADD CONSTRAINT "appIberiaExplorer_atributoplan_pkey" PRIMARY KEY (id_atributo_plan);


--
-- Name: appIberiaExplorer_ciudad appIberiaExplorer_ciudad_pkey; Type: CONSTRAINT; Schema: public; Owner: postgres
--

ALTER TABLE ONLY public."appIberiaExplorer_ciudad"
    ADD CONSTRAINT "appIberiaExplorer_ciudad_pkey" PRIMARY KEY (id_ciudad);


--
-- Name: appIberiaExplorer_continente appIberiaExplorer_continente_pkey; Type: CONSTRAINT; Schema: public; Owner: postgres
--

ALTER TABLE ONLY public."appIberiaExplorer_continente"
    ADD CONSTRAINT "appIberiaExplorer_continente_pkey" PRIMARY KEY (id_continente);


--
-- Name: appIberiaExplorer_pais appIberiaExplorer_pais_pkey; Type: CONSTRAINT; Schema: public; Owner: postgres
--

ALTER TABLE ONLY public."appIberiaExplorer_pais"
    ADD CONSTRAINT "appIberiaExplorer_pais_pkey" PRIMARY KEY (id_pais);


--
-- Name: appIberiaExplorer_plan appIberiaExplorer_plan_pkey; Type: CONSTRAINT; Schema: public; Owner: postgres
--

ALTER TABLE ONLY public."appIberiaExplorer_plan"
    ADD CONSTRAINT "appIberiaExplorer_plan_pkey" PRIMARY KEY (id_plan);


--
-- Name: appLoginRegistro_usuario appLoginRegistro_usuario_email_key; Type: CONSTRAINT; Schema: public; Owner: postgres
--

ALTER TABLE ONLY public."appLoginRegistro_usuario"
    ADD CONSTRAINT "appLoginRegistro_usuario_email_key" UNIQUE (email);


--
-- Name: appLoginRegistro_usuario_groups appLoginRegistro_usuario_groups_pkey; Type: CONSTRAINT; Schema: public; Owner: postgres
--

ALTER TABLE ONLY public."appLoginRegistro_usuario_groups"
    ADD CONSTRAINT "appLoginRegistro_usuario_groups_pkey" PRIMARY KEY (id);


--
-- Name: appLoginRegistro_usuario appLoginRegistro_usuario_pkey; Type: CONSTRAINT; Schema: public; Owner: postgres
--

ALTER TABLE ONLY public."appLoginRegistro_usuario"
    ADD CONSTRAINT "appLoginRegistro_usuario_pkey" PRIMARY KEY (id_usuario);


--
-- Name: appLoginRegistro_usuario_user_permissions appLoginRegistro_usuario_user_permissions_pkey; Type: CONSTRAINT; Schema: public; Owner: postgres
--

ALTER TABLE ONLY public."appLoginRegistro_usuario_user_permissions"
    ADD CONSTRAINT "appLoginRegistro_usuario_user_permissions_pkey" PRIMARY KEY (id);


--
-- Name: appLoginRegistro_usuario_groups appLoginRegistro_usuario_usuario_id_group_id_070c02a1_uniq; Type: CONSTRAINT; Schema: public; Owner: postgres
--

ALTER TABLE ONLY public."appLoginRegistro_usuario_groups"
    ADD CONSTRAINT "appLoginRegistro_usuario_usuario_id_group_id_070c02a1_uniq" UNIQUE (usuario_id, group_id);


--
-- Name: appLoginRegistro_usuario_user_permissions appLoginRegistro_usuario_usuario_id_permission_id_60169b6c_uniq; Type: CONSTRAINT; Schema: public; Owner: postgres
--

ALTER TABLE ONLY public."appLoginRegistro_usuario_user_permissions"
    ADD CONSTRAINT "appLoginRegistro_usuario_usuario_id_permission_id_60169b6c_uniq" UNIQUE (usuario_id, permission_id);


--
-- Name: appNotificaciones_notificacion appNotificaciones_notificacion_pkey; Type: CONSTRAINT; Schema: public; Owner: postgres
--

ALTER TABLE ONLY public."appNotificaciones_notificacion"
    ADD CONSTRAINT "appNotificaciones_notificacion_pkey" PRIMARY KEY (id);


--
-- Name: auth_group auth_group_name_key; Type: CONSTRAINT; Schema: public; Owner: postgres
--

ALTER TABLE ONLY public.auth_group
    ADD CONSTRAINT auth_group_name_key UNIQUE (name);


--
-- Name: auth_group_permissions auth_group_permissions_group_id_permission_id_0cd325b0_uniq; Type: CONSTRAINT; Schema: public; Owner: postgres
--

ALTER TABLE ONLY public.auth_group_permissions
    ADD CONSTRAINT auth_group_permissions_group_id_permission_id_0cd325b0_uniq UNIQUE (group_id, permission_id);


--
-- Name: auth_group_permissions auth_group_permissions_pkey; Type: CONSTRAINT; Schema: public; Owner: postgres
--

ALTER TABLE ONLY public.auth_group_permissions
    ADD CONSTRAINT auth_group_permissions_pkey PRIMARY KEY (id);


--
-- Name: auth_group auth_group_pkey; Type: CONSTRAINT; Schema: public; Owner: postgres
--

ALTER TABLE ONLY public.auth_group
    ADD CONSTRAINT auth_group_pkey PRIMARY KEY (id);


--
-- Name: auth_permission auth_permission_content_type_id_codename_01ab375a_uniq; Type: CONSTRAINT; Schema: public; Owner: postgres
--

ALTER TABLE ONLY public.auth_permission
    ADD CONSTRAINT auth_permission_content_type_id_codename_01ab375a_uniq UNIQUE (content_type_id, codename);


--
-- Name: auth_permission auth_permission_pkey; Type: CONSTRAINT; Schema: public; Owner: postgres
--

ALTER TABLE ONLY public.auth_permission
    ADD CONSTRAINT auth_permission_pkey PRIMARY KEY (id);


--
-- Name: django_admin_log django_admin_log_pkey; Type: CONSTRAINT; Schema: public; Owner: postgres
--

ALTER TABLE ONLY public.django_admin_log
    ADD CONSTRAINT django_admin_log_pkey PRIMARY KEY (id);


--
-- Name: django_content_type django_content_type_app_label_model_76bd3d3b_uniq; Type: CONSTRAINT; Schema: public; Owner: postgres
--

ALTER TABLE ONLY public.django_content_type
    ADD CONSTRAINT django_content_type_app_label_model_76bd3d3b_uniq UNIQUE (app_label, model);


--
-- Name: django_content_type django_content_type_pkey; Type: CONSTRAINT; Schema: public; Owner: postgres
--

ALTER TABLE ONLY public.django_content_type
    ADD CONSTRAINT django_content_type_pkey PRIMARY KEY (id);


--
-- Name: django_migrations django_migrations_pkey; Type: CONSTRAINT; Schema: public; Owner: postgres
--

ALTER TABLE ONLY public.django_migrations
    ADD CONSTRAINT django_migrations_pkey PRIMARY KEY (id);


--
-- Name: django_session django_session_pkey; Type: CONSTRAINT; Schema: public; Owner: postgres
--

ALTER TABLE ONLY public.django_session
    ADD CONSTRAINT django_session_pkey PRIMARY KEY (session_key);


--
-- Name: django_site django_site_domain_a2e37b91_uniq; Type: CONSTRAINT; Schema: public; Owner: postgres
--

ALTER TABLE ONLY public.django_site
    ADD CONSTRAINT django_site_domain_a2e37b91_uniq UNIQUE (domain);


--
-- Name: django_site django_site_pkey; Type: CONSTRAINT; Schema: public; Owner: postgres
--

ALTER TABLE ONLY public.django_site
    ADD CONSTRAINT django_site_pkey PRIMARY KEY (id);


--
-- Name: socialaccount_socialaccount socialaccount_socialaccount_pkey; Type: CONSTRAINT; Schema: public; Owner: postgres
--

ALTER TABLE ONLY public.socialaccount_socialaccount
    ADD CONSTRAINT socialaccount_socialaccount_pkey PRIMARY KEY (id);


--
-- Name: socialaccount_socialaccount socialaccount_socialaccount_provider_uid_fc810c6e_uniq; Type: CONSTRAINT; Schema: public; Owner: postgres
--

ALTER TABLE ONLY public.socialaccount_socialaccount
    ADD CONSTRAINT socialaccount_socialaccount_provider_uid_fc810c6e_uniq UNIQUE (provider, uid);


--
-- Name: socialaccount_socialapp_sites socialaccount_socialapp__socialapp_id_site_id_71a9a768_uniq; Type: CONSTRAINT; Schema: public; Owner: postgres
--

ALTER TABLE ONLY public.socialaccount_socialapp_sites
    ADD CONSTRAINT socialaccount_socialapp__socialapp_id_site_id_71a9a768_uniq UNIQUE (socialapp_id, site_id);


--
-- Name: socialaccount_socialapp socialaccount_socialapp_pkey; Type: CONSTRAINT; Schema: public; Owner: postgres
--

ALTER TABLE ONLY public.socialaccount_socialapp
    ADD CONSTRAINT socialaccount_socialapp_pkey PRIMARY KEY (id);


--
-- Name: socialaccount_socialapp_sites socialaccount_socialapp_sites_pkey; Type: CONSTRAINT; Schema: public; Owner: postgres
--

ALTER TABLE ONLY public.socialaccount_socialapp_sites
    ADD CONSTRAINT socialaccount_socialapp_sites_pkey PRIMARY KEY (id);


--
-- Name: socialaccount_socialtoken socialaccount_socialtoken_app_id_account_id_fca4e0ac_uniq; Type: CONSTRAINT; Schema: public; Owner: postgres
--

ALTER TABLE ONLY public.socialaccount_socialtoken
    ADD CONSTRAINT socialaccount_socialtoken_app_id_account_id_fca4e0ac_uniq UNIQUE (app_id, account_id);


--
-- Name: socialaccount_socialtoken socialaccount_socialtoken_pkey; Type: CONSTRAINT; Schema: public; Owner: postgres
--

ALTER TABLE ONLY public.socialaccount_socialtoken
    ADD CONSTRAINT socialaccount_socialtoken_pkey PRIMARY KEY (id);


--
-- Name: account_emailaddress_email_03be32b2; Type: INDEX; Schema: public; Owner: postgres
--

CREATE INDEX account_emailaddress_email_03be32b2 ON public.account_emailaddress USING btree (email);


--
-- Name: account_emailaddress_email_03be32b2_like; Type: INDEX; Schema: public; Owner: postgres
--

CREATE INDEX account_emailaddress_email_03be32b2_like ON public.account_emailaddress USING btree (email varchar_pattern_ops);


--
-- Name: account_emailaddress_user_id_2c513194; Type: INDEX; Schema: public; Owner: postgres
--

CREATE INDEX account_emailaddress_user_id_2c513194 ON public.account_emailaddress USING btree (user_id);


--
-- Name: account_emailconfirmation_email_address_id_5b7f8c58; Type: INDEX; Schema: public; Owner: postgres
--

CREATE INDEX account_emailconfirmation_email_address_id_5b7f8c58 ON public.account_emailconfirmation USING btree (email_address_id);


--
-- Name: account_emailconfirmation_key_f43612bd_like; Type: INDEX; Schema: public; Owner: postgres
--

CREATE INDEX account_emailconfirmation_key_f43612bd_like ON public.account_emailconfirmation USING btree (key varchar_pattern_ops);


--
-- Name: appAjustes_usuariopreferencia_atributo_plan_id_a3cc31a4; Type: INDEX; Schema: public; Owner: postgres
--

CREATE INDEX "appAjustes_usuariopreferencia_atributo_plan_id_a3cc31a4" ON public."appAjustes_usuariopreferencia" USING btree (atributo_plan_id);


--
-- Name: appAjustes_usuariopreferencia_usuario_id_6d35139f; Type: INDEX; Schema: public; Owner: postgres
--

CREATE INDEX "appAjustes_usuariopreferencia_usuario_id_6d35139f" ON public."appAjustes_usuariopreferencia" USING btree (usuario_id);


--
-- Name: appCarritoPedido_carrito_id_usuario_id_c953c0a9; Type: INDEX; Schema: public; Owner: postgres
--

CREATE INDEX "appCarritoPedido_carrito_id_usuario_id_c953c0a9" ON public."appCarritoPedido_carrito" USING btree (id_usuario_id);


--
-- Name: appCarritoPedido_carritodetalle_id_carrito_id_7deb2d8f; Type: INDEX; Schema: public; Owner: postgres
--

CREATE INDEX "appCarritoPedido_carritodetalle_id_carrito_id_7deb2d8f" ON public."appCarritoPedido_carritodetalle" USING btree (id_carrito_id);


--
-- Name: appCarritoPedido_carritodetalle_id_plan_id_3a658343; Type: INDEX; Schema: public; Owner: postgres
--

CREATE INDEX "appCarritoPedido_carritodetalle_id_plan_id_3a658343" ON public."appCarritoPedido_carritodetalle" USING btree (id_plan_id);


--
-- Name: appCarritoPedido_pedido_id_cliente_id_1f72416d; Type: INDEX; Schema: public; Owner: postgres
--

CREATE INDEX "appCarritoPedido_pedido_id_cliente_id_1f72416d" ON public."appCarritoPedido_pedido" USING btree (id_cliente_id);


--
-- Name: appCarritoPedido_pedidodetalle_id_pedido_id_a0358efb; Type: INDEX; Schema: public; Owner: postgres
--

CREATE INDEX "appCarritoPedido_pedidodetalle_id_pedido_id_a0358efb" ON public."appCarritoPedido_pedidodetalle" USING btree (id_pedido_id);


--
-- Name: appCarritoPedido_pedidodetalle_id_plan_id_278039b1; Type: INDEX; Schema: public; Owner: postgres
--

CREATE INDEX "appCarritoPedido_pedidodetalle_id_plan_id_278039b1" ON public."appCarritoPedido_pedidodetalle" USING btree (id_plan_id);


--
-- Name: appIberiaExplorer_atributoplan_plan_id_ecdd7e27; Type: INDEX; Schema: public; Owner: postgres
--

CREATE INDEX "appIberiaExplorer_atributoplan_plan_id_ecdd7e27" ON public."appIberiaExplorer_atributoplan" USING btree (plan_id);


--
-- Name: appIberiaExplorer_ciudad_id_pais_id_2e53ee96; Type: INDEX; Schema: public; Owner: postgres
--

CREATE INDEX "appIberiaExplorer_ciudad_id_pais_id_2e53ee96" ON public."appIberiaExplorer_ciudad" USING btree (pais_id);


--
-- Name: appIberiaExplorer_pais_id_continente_id_b639751f; Type: INDEX; Schema: public; Owner: postgres
--

CREATE INDEX "appIberiaExplorer_pais_id_continente_id_b639751f" ON public."appIberiaExplorer_pais" USING btree (continente_id);


--
-- Name: appLoginRegistro_usuario_email_fcb20ca5_like; Type: INDEX; Schema: public; Owner: postgres
--

CREATE INDEX "appLoginRegistro_usuario_email_fcb20ca5_like" ON public."appLoginRegistro_usuario" USING btree (email varchar_pattern_ops);


--
-- Name: appLoginRegistro_usuario_groups_group_id_fed0e206; Type: INDEX; Schema: public; Owner: postgres
--

CREATE INDEX "appLoginRegistro_usuario_groups_group_id_fed0e206" ON public."appLoginRegistro_usuario_groups" USING btree (group_id);


--
-- Name: appLoginRegistro_usuario_groups_usuario_id_73d0b123; Type: INDEX; Schema: public; Owner: postgres
--

CREATE INDEX "appLoginRegistro_usuario_groups_usuario_id_73d0b123" ON public."appLoginRegistro_usuario_groups" USING btree (usuario_id);


--
-- Name: appLoginRegistro_usuario_id_ciudad_id_89f99011; Type: INDEX; Schema: public; Owner: postgres
--

CREATE INDEX "appLoginRegistro_usuario_id_ciudad_id_89f99011" ON public."appLoginRegistro_usuario" USING btree (id_ciudad_id);


--
-- Name: appLoginRegistro_usuario_u_permission_id_aeb50b37; Type: INDEX; Schema: public; Owner: postgres
--

CREATE INDEX "appLoginRegistro_usuario_u_permission_id_aeb50b37" ON public."appLoginRegistro_usuario_user_permissions" USING btree (permission_id);


--
-- Name: appLoginRegistro_usuario_user_permissions_usuario_id_1e71c6a1; Type: INDEX; Schema: public; Owner: postgres
--

CREATE INDEX "appLoginRegistro_usuario_user_permissions_usuario_id_1e71c6a1" ON public."appLoginRegistro_usuario_user_permissions" USING btree (usuario_id);


--
-- Name: appNotificaciones_notificacion_usuario_id_b82ec1ae; Type: INDEX; Schema: public; Owner: postgres
--

CREATE INDEX "appNotificaciones_notificacion_usuario_id_b82ec1ae" ON public."appNotificaciones_notificacion" USING btree (usuario_id);


--
-- Name: auth_group_name_a6ea08ec_like; Type: INDEX; Schema: public; Owner: postgres
--

CREATE INDEX auth_group_name_a6ea08ec_like ON public.auth_group USING btree (name varchar_pattern_ops);


--
-- Name: auth_group_permissions_group_id_b120cbf9; Type: INDEX; Schema: public; Owner: postgres
--

CREATE INDEX auth_group_permissions_group_id_b120cbf9 ON public.auth_group_permissions USING btree (group_id);


--
-- Name: auth_group_permissions_permission_id_84c5c92e; Type: INDEX; Schema: public; Owner: postgres
--

CREATE INDEX auth_group_permissions_permission_id_84c5c92e ON public.auth_group_permissions USING btree (permission_id);


--
-- Name: auth_permission_content_type_id_2f476e4b; Type: INDEX; Schema: public; Owner: postgres
--

CREATE INDEX auth_permission_content_type_id_2f476e4b ON public.auth_permission USING btree (content_type_id);


--
-- Name: django_admin_log_content_type_id_c4bce8eb; Type: INDEX; Schema: public; Owner: postgres
--

CREATE INDEX django_admin_log_content_type_id_c4bce8eb ON public.django_admin_log USING btree (content_type_id);


--
-- Name: django_admin_log_user_id_c564eba6; Type: INDEX; Schema: public; Owner: postgres
--

CREATE INDEX django_admin_log_user_id_c564eba6 ON public.django_admin_log USING btree (user_id);


--
-- Name: django_session_expire_date_a5c62663; Type: INDEX; Schema: public; Owner: postgres
--

CREATE INDEX django_session_expire_date_a5c62663 ON public.django_session USING btree (expire_date);


--
-- Name: django_session_session_key_c0390e0f_like; Type: INDEX; Schema: public; Owner: postgres
--

CREATE INDEX django_session_session_key_c0390e0f_like ON public.django_session USING btree (session_key varchar_pattern_ops);


--
-- Name: django_site_domain_a2e37b91_like; Type: INDEX; Schema: public; Owner: postgres
--

CREATE INDEX django_site_domain_a2e37b91_like ON public.django_site USING btree (domain varchar_pattern_ops);


--
-- Name: socialaccount_socialaccount_user_id_8146e70c; Type: INDEX; Schema: public; Owner: postgres
--

CREATE INDEX socialaccount_socialaccount_user_id_8146e70c ON public.socialaccount_socialaccount USING btree (user_id);


--
-- Name: socialaccount_socialapp_sites_site_id_2579dee5; Type: INDEX; Schema: public; Owner: postgres
--

CREATE INDEX socialaccount_socialapp_sites_site_id_2579dee5 ON public.socialaccount_socialapp_sites USING btree (site_id);


--
-- Name: socialaccount_socialapp_sites_socialapp_id_97fb6e7d; Type: INDEX; Schema: public; Owner: postgres
--

CREATE INDEX socialaccount_socialapp_sites_socialapp_id_97fb6e7d ON public.socialaccount_socialapp_sites USING btree (socialapp_id);


--
-- Name: socialaccount_socialtoken_account_id_951f210e; Type: INDEX; Schema: public; Owner: postgres
--

CREATE INDEX socialaccount_socialtoken_account_id_951f210e ON public.socialaccount_socialtoken USING btree (account_id);


--
-- Name: socialaccount_socialtoken_app_id_636a42d7; Type: INDEX; Schema: public; Owner: postgres
--

CREATE INDEX socialaccount_socialtoken_app_id_636a42d7 ON public.socialaccount_socialtoken USING btree (app_id);


--
-- Name: unique_primary_email; Type: INDEX; Schema: public; Owner: postgres
--

CREATE UNIQUE INDEX unique_primary_email ON public.account_emailaddress USING btree (user_id, "primary") WHERE "primary";


--
-- Name: unique_verified_email; Type: INDEX; Schema: public; Owner: postgres
--

CREATE UNIQUE INDEX unique_verified_email ON public.account_emailaddress USING btree (email) WHERE verified;


--
-- Name: account_emailaddress account_emailaddress_user_id_2c513194_fk_appLoginR; Type: FK CONSTRAINT; Schema: public; Owner: postgres
--

ALTER TABLE ONLY public.account_emailaddress
    ADD CONSTRAINT "account_emailaddress_user_id_2c513194_fk_appLoginR" FOREIGN KEY (user_id) REFERENCES public."appLoginRegistro_usuario"(id_usuario) DEFERRABLE INITIALLY DEFERRED;


--
-- Name: account_emailconfirmation account_emailconfirm_email_address_id_5b7f8c58_fk_account_e; Type: FK CONSTRAINT; Schema: public; Owner: postgres
--

ALTER TABLE ONLY public.account_emailconfirmation
    ADD CONSTRAINT account_emailconfirm_email_address_id_5b7f8c58_fk_account_e FOREIGN KEY (email_address_id) REFERENCES public.account_emailaddress(id) DEFERRABLE INITIALLY DEFERRED;


--
-- Name: appAjustes_usuariopreferencia appAjustes_usuariopr_atributo_plan_id_a3cc31a4_fk_appIberia; Type: FK CONSTRAINT; Schema: public; Owner: postgres
--

ALTER TABLE ONLY public."appAjustes_usuariopreferencia"
    ADD CONSTRAINT "appAjustes_usuariopr_atributo_plan_id_a3cc31a4_fk_appIberia" FOREIGN KEY (atributo_plan_id) REFERENCES public."appIberiaExplorer_atributoplan"(id_atributo_plan) DEFERRABLE INITIALLY DEFERRED;


--
-- Name: appAjustes_usuariopreferencia appAjustes_usuariopr_usuario_id_6d35139f_fk_appLoginR; Type: FK CONSTRAINT; Schema: public; Owner: postgres
--

ALTER TABLE ONLY public."appAjustes_usuariopreferencia"
    ADD CONSTRAINT "appAjustes_usuariopr_usuario_id_6d35139f_fk_appLoginR" FOREIGN KEY (usuario_id) REFERENCES public."appLoginRegistro_usuario"(id_usuario) DEFERRABLE INITIALLY DEFERRED;


--
-- Name: appCarritoPedido_carritodetalle appCarritoPedido_car_id_carrito_id_7deb2d8f_fk_appCarrit; Type: FK CONSTRAINT; Schema: public; Owner: postgres
--

ALTER TABLE ONLY public."appCarritoPedido_carritodetalle"
    ADD CONSTRAINT "appCarritoPedido_car_id_carrito_id_7deb2d8f_fk_appCarrit" FOREIGN KEY (id_carrito_id) REFERENCES public."appCarritoPedido_carrito"(id_carrito) DEFERRABLE INITIALLY DEFERRED;


--
-- Name: appCarritoPedido_carritodetalle appCarritoPedido_car_id_plan_id_3a658343_fk_appIberia; Type: FK CONSTRAINT; Schema: public; Owner: postgres
--

ALTER TABLE ONLY public."appCarritoPedido_carritodetalle"
    ADD CONSTRAINT "appCarritoPedido_car_id_plan_id_3a658343_fk_appIberia" FOREIGN KEY (id_plan_id) REFERENCES public."appIberiaExplorer_plan"(id_plan) DEFERRABLE INITIALLY DEFERRED;


--
-- Name: appCarritoPedido_carrito appCarritoPedido_car_id_usuario_id_c953c0a9_fk_appLoginR; Type: FK CONSTRAINT; Schema: public; Owner: postgres
--

ALTER TABLE ONLY public."appCarritoPedido_carrito"
    ADD CONSTRAINT "appCarritoPedido_car_id_usuario_id_c953c0a9_fk_appLoginR" FOREIGN KEY (id_usuario_id) REFERENCES public."appLoginRegistro_usuario"(id_usuario) DEFERRABLE INITIALLY DEFERRED;


--
-- Name: appCarritoPedido_pedido appCarritoPedido_ped_id_cliente_id_1f72416d_fk_appLoginR; Type: FK CONSTRAINT; Schema: public; Owner: postgres
--

ALTER TABLE ONLY public."appCarritoPedido_pedido"
    ADD CONSTRAINT "appCarritoPedido_ped_id_cliente_id_1f72416d_fk_appLoginR" FOREIGN KEY (id_cliente_id) REFERENCES public."appLoginRegistro_usuario"(id_usuario) DEFERRABLE INITIALLY DEFERRED;


--
-- Name: appCarritoPedido_pedidodetalle appCarritoPedido_ped_id_pedido_id_a0358efb_fk_appCarrit; Type: FK CONSTRAINT; Schema: public; Owner: postgres
--

ALTER TABLE ONLY public."appCarritoPedido_pedidodetalle"
    ADD CONSTRAINT "appCarritoPedido_ped_id_pedido_id_a0358efb_fk_appCarrit" FOREIGN KEY (id_pedido_id) REFERENCES public."appCarritoPedido_pedido"(id_pedido) DEFERRABLE INITIALLY DEFERRED;


--
-- Name: appCarritoPedido_pedidodetalle appCarritoPedido_ped_id_plan_id_278039b1_fk_appIberia; Type: FK CONSTRAINT; Schema: public; Owner: postgres
--

ALTER TABLE ONLY public."appCarritoPedido_pedidodetalle"
    ADD CONSTRAINT "appCarritoPedido_ped_id_plan_id_278039b1_fk_appIberia" FOREIGN KEY (id_plan_id) REFERENCES public."appIberiaExplorer_plan"(id_plan) DEFERRABLE INITIALLY DEFERRED;


--
-- Name: appIberiaExplorer_atributoplan appIberiaExplorer_at_plan_id_ecdd7e27_fk_appIberia; Type: FK CONSTRAINT; Schema: public; Owner: postgres
--

ALTER TABLE ONLY public."appIberiaExplorer_atributoplan"
    ADD CONSTRAINT "appIberiaExplorer_at_plan_id_ecdd7e27_fk_appIberia" FOREIGN KEY (plan_id) REFERENCES public."appIberiaExplorer_plan"(id_plan) DEFERRABLE INITIALLY DEFERRED;


--
-- Name: appIberiaExplorer_ciudad appIberiaExplorer_ci_pais_id_42b3535a_fk_appIberia; Type: FK CONSTRAINT; Schema: public; Owner: postgres
--

ALTER TABLE ONLY public."appIberiaExplorer_ciudad"
    ADD CONSTRAINT "appIberiaExplorer_ci_pais_id_42b3535a_fk_appIberia" FOREIGN KEY (pais_id) REFERENCES public."appIberiaExplorer_pais"(id_pais) DEFERRABLE INITIALLY DEFERRED;


--
-- Name: appIberiaExplorer_pais appIberiaExplorer_pa_continente_id_596a1a7a_fk_appIberia; Type: FK CONSTRAINT; Schema: public; Owner: postgres
--

ALTER TABLE ONLY public."appIberiaExplorer_pais"
    ADD CONSTRAINT "appIberiaExplorer_pa_continente_id_596a1a7a_fk_appIberia" FOREIGN KEY (continente_id) REFERENCES public."appIberiaExplorer_continente"(id_continente) DEFERRABLE INITIALLY DEFERRED;


--
-- Name: appLoginRegistro_usuario_groups appLoginRegistro_usu_group_id_fed0e206_fk_auth_grou; Type: FK CONSTRAINT; Schema: public; Owner: postgres
--

ALTER TABLE ONLY public."appLoginRegistro_usuario_groups"
    ADD CONSTRAINT "appLoginRegistro_usu_group_id_fed0e206_fk_auth_grou" FOREIGN KEY (group_id) REFERENCES public.auth_group(id) DEFERRABLE INITIALLY DEFERRED;


--
-- Name: appLoginRegistro_usuario appLoginRegistro_usu_id_ciudad_id_89f99011_fk_appIberia; Type: FK CONSTRAINT; Schema: public; Owner: postgres
--

ALTER TABLE ONLY public."appLoginRegistro_usuario"
    ADD CONSTRAINT "appLoginRegistro_usu_id_ciudad_id_89f99011_fk_appIberia" FOREIGN KEY (id_ciudad_id) REFERENCES public."appIberiaExplorer_ciudad"(id_ciudad) DEFERRABLE INITIALLY DEFERRED;


--
-- Name: appLoginRegistro_usuario_user_permissions appLoginRegistro_usu_permission_id_aeb50b37_fk_auth_perm; Type: FK CONSTRAINT; Schema: public; Owner: postgres
--

ALTER TABLE ONLY public."appLoginRegistro_usuario_user_permissions"
    ADD CONSTRAINT "appLoginRegistro_usu_permission_id_aeb50b37_fk_auth_perm" FOREIGN KEY (permission_id) REFERENCES public.auth_permission(id) DEFERRABLE INITIALLY DEFERRED;


--
-- Name: appLoginRegistro_usuario_user_permissions appLoginRegistro_usu_usuario_id_1e71c6a1_fk_appLoginR; Type: FK CONSTRAINT; Schema: public; Owner: postgres
--

ALTER TABLE ONLY public."appLoginRegistro_usuario_user_permissions"
    ADD CONSTRAINT "appLoginRegistro_usu_usuario_id_1e71c6a1_fk_appLoginR" FOREIGN KEY (usuario_id) REFERENCES public."appLoginRegistro_usuario"(id_usuario) DEFERRABLE INITIALLY DEFERRED;


--
-- Name: appLoginRegistro_usuario_groups appLoginRegistro_usu_usuario_id_73d0b123_fk_appLoginR; Type: FK CONSTRAINT; Schema: public; Owner: postgres
--

ALTER TABLE ONLY public."appLoginRegistro_usuario_groups"
    ADD CONSTRAINT "appLoginRegistro_usu_usuario_id_73d0b123_fk_appLoginR" FOREIGN KEY (usuario_id) REFERENCES public."appLoginRegistro_usuario"(id_usuario) DEFERRABLE INITIALLY DEFERRED;


--
-- Name: appNotificaciones_notificacion appNotificaciones_no_usuario_id_b82ec1ae_fk_appLoginR; Type: FK CONSTRAINT; Schema: public; Owner: postgres
--

ALTER TABLE ONLY public."appNotificaciones_notificacion"
    ADD CONSTRAINT "appNotificaciones_no_usuario_id_b82ec1ae_fk_appLoginR" FOREIGN KEY (usuario_id) REFERENCES public."appLoginRegistro_usuario"(id_usuario) DEFERRABLE INITIALLY DEFERRED;


--
-- Name: auth_group_permissions auth_group_permissio_permission_id_84c5c92e_fk_auth_perm; Type: FK CONSTRAINT; Schema: public; Owner: postgres
--

ALTER TABLE ONLY public.auth_group_permissions
    ADD CONSTRAINT auth_group_permissio_permission_id_84c5c92e_fk_auth_perm FOREIGN KEY (permission_id) REFERENCES public.auth_permission(id) DEFERRABLE INITIALLY DEFERRED;


--
-- Name: auth_group_permissions auth_group_permissions_group_id_b120cbf9_fk_auth_group_id; Type: FK CONSTRAINT; Schema: public; Owner: postgres
--

ALTER TABLE ONLY public.auth_group_permissions
    ADD CONSTRAINT auth_group_permissions_group_id_b120cbf9_fk_auth_group_id FOREIGN KEY (group_id) REFERENCES public.auth_group(id) DEFERRABLE INITIALLY DEFERRED;


--
-- Name: auth_permission auth_permission_content_type_id_2f476e4b_fk_django_co; Type: FK CONSTRAINT; Schema: public; Owner: postgres
--

ALTER TABLE ONLY public.auth_permission
    ADD CONSTRAINT auth_permission_content_type_id_2f476e4b_fk_django_co FOREIGN KEY (content_type_id) REFERENCES public.django_content_type(id) DEFERRABLE INITIALLY DEFERRED;


--
-- Name: django_admin_log django_admin_log_content_type_id_c4bce8eb_fk_django_co; Type: FK CONSTRAINT; Schema: public; Owner: postgres
--

ALTER TABLE ONLY public.django_admin_log
    ADD CONSTRAINT django_admin_log_content_type_id_c4bce8eb_fk_django_co FOREIGN KEY (content_type_id) REFERENCES public.django_content_type(id) DEFERRABLE INITIALLY DEFERRED;


--
-- Name: django_admin_log django_admin_log_user_id_c564eba6_fk_appLoginR; Type: FK CONSTRAINT; Schema: public; Owner: postgres
--

ALTER TABLE ONLY public.django_admin_log
    ADD CONSTRAINT "django_admin_log_user_id_c564eba6_fk_appLoginR" FOREIGN KEY (user_id) REFERENCES public."appLoginRegistro_usuario"(id_usuario) DEFERRABLE INITIALLY DEFERRED;


--
-- Name: socialaccount_socialtoken socialaccount_social_account_id_951f210e_fk_socialacc; Type: FK CONSTRAINT; Schema: public; Owner: postgres
--

ALTER TABLE ONLY public.socialaccount_socialtoken
    ADD CONSTRAINT socialaccount_social_account_id_951f210e_fk_socialacc FOREIGN KEY (account_id) REFERENCES public.socialaccount_socialaccount(id) DEFERRABLE INITIALLY DEFERRED;


--
-- Name: socialaccount_socialtoken socialaccount_social_app_id_636a42d7_fk_socialacc; Type: FK CONSTRAINT; Schema: public; Owner: postgres
--

ALTER TABLE ONLY public.socialaccount_socialtoken
    ADD CONSTRAINT socialaccount_social_app_id_636a42d7_fk_socialacc FOREIGN KEY (app_id) REFERENCES public.socialaccount_socialapp(id) DEFERRABLE INITIALLY DEFERRED;


--
-- Name: socialaccount_socialapp_sites socialaccount_social_site_id_2579dee5_fk_django_si; Type: FK CONSTRAINT; Schema: public; Owner: postgres
--

ALTER TABLE ONLY public.socialaccount_socialapp_sites
    ADD CONSTRAINT socialaccount_social_site_id_2579dee5_fk_django_si FOREIGN KEY (site_id) REFERENCES public.django_site(id) DEFERRABLE INITIALLY DEFERRED;


--
-- Name: socialaccount_socialapp_sites socialaccount_social_socialapp_id_97fb6e7d_fk_socialacc; Type: FK CONSTRAINT; Schema: public; Owner: postgres
--

ALTER TABLE ONLY public.socialaccount_socialapp_sites
    ADD CONSTRAINT socialaccount_social_socialapp_id_97fb6e7d_fk_socialacc FOREIGN KEY (socialapp_id) REFERENCES public.socialaccount_socialapp(id) DEFERRABLE INITIALLY DEFERRED;


--
-- Name: socialaccount_socialaccount socialaccount_social_user_id_8146e70c_fk_appLoginR; Type: FK CONSTRAINT; Schema: public; Owner: postgres
--

ALTER TABLE ONLY public.socialaccount_socialaccount
    ADD CONSTRAINT "socialaccount_social_user_id_8146e70c_fk_appLoginR" FOREIGN KEY (user_id) REFERENCES public."appLoginRegistro_usuario"(id_usuario) DEFERRABLE INITIALLY DEFERRED;


--
-- PostgreSQL database dump complete
--

