--
-- PostgreSQL database dump
--

-- Dumped from database version 16.1
-- Dumped by pg_dump version 16.1

SET statement_timeout = 0;
SET lock_timeout = 0;
SET idle_in_transaction_session_timeout = 0;
SET client_encoding = 'UTF8';
SET standard_conforming_strings = on;
SELECT pg_catalog.set_config('search_path', '', false);
SET check_function_bodies = false;
SET xmloption = content;
SET client_min_messages = warning;
SET row_security = off;

SET default_tablespace = '';

SET default_table_access_method = heap;

--
-- Name: account_emailaddress; Type: TABLE; Schema: public; Owner: postgres
--

CREATE TABLE public.account_emailaddress (
    id integer NOT NULL,
    email character varying(254) NOT NULL,
    verified boolean NOT NULL,
    "primary" boolean NOT NULL,
    user_id integer NOT NULL
);


ALTER TABLE public.account_emailaddress OWNER TO postgres;

--
-- Name: account_emailaddress_id_seq; Type: SEQUENCE; Schema: public; Owner: postgres
--

ALTER TABLE public.account_emailaddress ALTER COLUMN id ADD GENERATED BY DEFAULT AS IDENTITY (
    SEQUENCE NAME public.account_emailaddress_id_seq
    START WITH 1
    INCREMENT BY 1
    NO MINVALUE
    NO MAXVALUE
    CACHE 1
);


--
-- Name: account_emailconfirmation; Type: TABLE; Schema: public; Owner: postgres
--

CREATE TABLE public.account_emailconfirmation (
    id integer NOT NULL,
    created timestamp with time zone NOT NULL,
    sent timestamp with time zone,
    key character varying(64) NOT NULL,
    email_address_id integer NOT NULL
);


ALTER TABLE public.account_emailconfirmation OWNER TO postgres;

--
-- Name: account_emailconfirmation_id_seq; Type: SEQUENCE; Schema: public; Owner: postgres
--

ALTER TABLE public.account_emailconfirmation ALTER COLUMN id ADD GENERATED BY DEFAULT AS IDENTITY (
    SEQUENCE NAME public.account_emailconfirmation_id_seq
    START WITH 1
    INCREMENT BY 1
    NO MINVALUE
    NO MAXVALUE
    CACHE 1
);


--
-- Name: appAjustes_usuariopreferencia; Type: TABLE; Schema: public; Owner: postgres
--

CREATE TABLE public."appAjustes_usuariopreferencia" (
    id_preferencia integer NOT NULL,
    atributo_plan_id integer,
    usuario_id integer
);


ALTER TABLE public."appAjustes_usuariopreferencia" OWNER TO postgres;

--
-- Name: appAjustes_usuariopreferencia_id_preferencia_seq; Type: SEQUENCE; Schema: public; Owner: postgres
--

ALTER TABLE public."appAjustes_usuariopreferencia" ALTER COLUMN id_preferencia ADD GENERATED BY DEFAULT AS IDENTITY (
    SEQUENCE NAME public."appAjustes_usuariopreferencia_id_preferencia_seq"
    START WITH 1
    INCREMENT BY 1
    NO MINVALUE
    NO MAXVALUE
    CACHE 1
);


--
-- Name: appCarritoPedido_carrito; Type: TABLE; Schema: public; Owner: postgres
--

CREATE TABLE public."appCarritoPedido_carrito" (
    id_carrito integer NOT NULL,
    id_usuario_id integer NOT NULL
);


ALTER TABLE public."appCarritoPedido_carrito" OWNER TO postgres;

--
-- Name: appCarritoPedido_carrito_id_carrito_seq; Type: SEQUENCE; Schema: public; Owner: postgres
--

ALTER TABLE public."appCarritoPedido_carrito" ALTER COLUMN id_carrito ADD GENERATED BY DEFAULT AS IDENTITY (
    SEQUENCE NAME public."appCarritoPedido_carrito_id_carrito_seq"
    START WITH 1
    INCREMENT BY 1
    NO MINVALUE
    NO MAXVALUE
    CACHE 1
);


--
-- Name: appCarritoPedido_carritodetalle; Type: TABLE; Schema: public; Owner: postgres
--

CREATE TABLE public."appCarritoPedido_carritodetalle" (
    id_carrito_detalle integer NOT NULL,
    cantidad integer NOT NULL,
    id_carrito_id integer NOT NULL,
    id_plan_id integer NOT NULL
);


ALTER TABLE public."appCarritoPedido_carritodetalle" OWNER TO postgres;

--
-- Name: appCarritoPedido_carritodetalle_id_carrito_detalle_seq; Type: SEQUENCE; Schema: public; Owner: postgres
--

ALTER TABLE public."appCarritoPedido_carritodetalle" ALTER COLUMN id_carrito_detalle ADD GENERATED BY DEFAULT AS IDENTITY (
    SEQUENCE NAME public."appCarritoPedido_carritodetalle_id_carrito_detalle_seq"
    START WITH 1
    INCREMENT BY 1
    NO MINVALUE
    NO MAXVALUE
    CACHE 1
);


--
-- Name: appCarritoPedido_pedido; Type: TABLE; Schema: public; Owner: postgres
--

CREATE TABLE public."appCarritoPedido_pedido" (
    id_pedido integer NOT NULL,
    fecha_reserva timestamp with time zone NOT NULL,
    total double precision NOT NULL,
    id_cliente_id integer NOT NULL,
    estado character varying(10) NOT NULL
);


ALTER TABLE public."appCarritoPedido_pedido" OWNER TO postgres;

--
-- Name: appCarritoPedido_pedido_id_pedido_seq; Type: SEQUENCE; Schema: public; Owner: postgres
--

ALTER TABLE public."appCarritoPedido_pedido" ALTER COLUMN id_pedido ADD GENERATED BY DEFAULT AS IDENTITY (
    SEQUENCE NAME public."appCarritoPedido_pedido_id_pedido_seq"
    START WITH 1
    INCREMENT BY 1
    NO MINVALUE
    NO MAXVALUE
    CACHE 1
);


--
-- Name: appCarritoPedido_pedidodetalle; Type: TABLE; Schema: public; Owner: postgres
--

CREATE TABLE public."appCarritoPedido_pedidodetalle" (
    id_pedido_detalle integer NOT NULL,
    cantidad integer NOT NULL,
    id_pedido_id integer NOT NULL,
    id_plan_id integer NOT NULL
);


ALTER TABLE public."appCarritoPedido_pedidodetalle" OWNER TO postgres;

--
-- Name: appCarritoPedido_pedidodetalle_id_pedido_detalle_seq; Type: SEQUENCE; Schema: public; Owner: postgres
--

ALTER TABLE public."appCarritoPedido_pedidodetalle" ALTER COLUMN id_pedido_detalle ADD GENERATED BY DEFAULT AS IDENTITY (
    SEQUENCE NAME public."appCarritoPedido_pedidodetalle_id_pedido_detalle_seq"
    START WITH 1
    INCREMENT BY 1
    NO MINVALUE
    NO MAXVALUE
    CACHE 1
);


--
-- Name: appIberiaExplorer_atributoplan; Type: TABLE; Schema: public; Owner: postgres
--

CREATE TABLE public."appIberiaExplorer_atributoplan" (
    id_atributo_plan integer NOT NULL,
    nombre character varying(255),
    plan_id integer,
    url character varying
);


ALTER TABLE public."appIberiaExplorer_atributoplan" OWNER TO postgres;

--
-- Name: appIberiaExplorer_atributoplan_id_atributo_plan_seq; Type: SEQUENCE; Schema: public; Owner: postgres
--

ALTER TABLE public."appIberiaExplorer_atributoplan" ALTER COLUMN id_atributo_plan ADD GENERATED BY DEFAULT AS IDENTITY (
    SEQUENCE NAME public."appIberiaExplorer_atributoplan_id_atributo_plan_seq"
    START WITH 1
    INCREMENT BY 1
    NO MINVALUE
    NO MAXVALUE
    CACHE 1
);


--
-- Name: appIberiaExplorer_ciudad; Type: TABLE; Schema: public; Owner: postgres
--

CREATE TABLE public."appIberiaExplorer_ciudad" (
    id_ciudad integer NOT NULL,
    nombre character varying(255) NOT NULL,
    pais_id integer NOT NULL
);


ALTER TABLE public."appIberiaExplorer_ciudad" OWNER TO postgres;

--
-- Name: appIberiaExplorer_ciudad_id_ciudad_seq; Type: SEQUENCE; Schema: public; Owner: postgres
--

ALTER TABLE public."appIberiaExplorer_ciudad" ALTER COLUMN id_ciudad ADD GENERATED BY DEFAULT AS IDENTITY (
    SEQUENCE NAME public."appIberiaExplorer_ciudad_id_ciudad_seq"
    START WITH 1
    INCREMENT BY 1
    NO MINVALUE
    NO MAXVALUE
    CACHE 1
);


--
-- Name: appIberiaExplorer_continente; Type: TABLE; Schema: public; Owner: postgres
--

CREATE TABLE public."appIberiaExplorer_continente" (
    id_continente integer NOT NULL,
    nombre character varying(255) NOT NULL
);


ALTER TABLE public."appIberiaExplorer_continente" OWNER TO postgres;

--
-- Name: appIberiaExplorer_continente_id_continente_seq; Type: SEQUENCE; Schema: public; Owner: postgres
--

ALTER TABLE public."appIberiaExplorer_continente" ALTER COLUMN id_continente ADD GENERATED BY DEFAULT AS IDENTITY (
    SEQUENCE NAME public."appIberiaExplorer_continente_id_continente_seq"
    START WITH 1
    INCREMENT BY 1
    NO MINVALUE
    NO MAXVALUE
    CACHE 1
);


--
-- Name: appIberiaExplorer_pais; Type: TABLE; Schema: public; Owner: postgres
--

CREATE TABLE public."appIberiaExplorer_pais" (
    id_pais integer NOT NULL,
    nombre character varying(255) NOT NULL,
    continente_id integer NOT NULL
);


ALTER TABLE public."appIberiaExplorer_pais" OWNER TO postgres;

--
-- Name: appIberiaExplorer_pais_id_pais_seq; Type: SEQUENCE; Schema: public; Owner: postgres
--

ALTER TABLE public."appIberiaExplorer_pais" ALTER COLUMN id_pais ADD GENERATED BY DEFAULT AS IDENTITY (
    SEQUENCE NAME public."appIberiaExplorer_pais_id_pais_seq"
    START WITH 1
    INCREMENT BY 1
    NO MINVALUE
    NO MAXVALUE
    CACHE 1
);


--
-- Name: appIberiaExplorer_plan; Type: TABLE; Schema: public; Owner: postgres
--

CREATE TABLE public."appIberiaExplorer_plan" (
    id_plan integer NOT NULL,
    titulo character varying(255) NOT NULL,
    descripcion character varying(255) NOT NULL,
    precio double precision NOT NULL,
    fecha_inicio date,
    codigo_postal character varying(5),
    fecha_fin date,
    hora_inicio time without time zone,
    nombre_calle character varying(255),
    nombre_lugar character varying(255),
    organizador character varying(255),
    id_plan_api integer
);


ALTER TABLE public."appIberiaExplorer_plan" OWNER TO postgres;

--
-- Name: appIberiaExplorer_plan_id_plan_seq; Type: SEQUENCE; Schema: public; Owner: postgres
--

ALTER TABLE public."appIberiaExplorer_plan" ALTER COLUMN id_plan ADD GENERATED BY DEFAULT AS IDENTITY (
    SEQUENCE NAME public."appIberiaExplorer_plan_id_plan_seq"
    START WITH 1
    INCREMENT BY 1
    NO MINVALUE
    NO MAXVALUE
    CACHE 1
);


--
-- Name: appLoginRegistro_usuario; Type: TABLE; Schema: public; Owner: postgres
--

CREATE TABLE public."appLoginRegistro_usuario" (
    id_usuario integer NOT NULL,
    username character varying(255),
    apellido_1 character varying(255),
    apellido_2 character varying(255),
    email character varying(254) NOT NULL,
    password character varying(255) NOT NULL,
    telefono character varying(12),
    direccion character varying(75),
    fecha_baja timestamp with time zone,
    is_active boolean NOT NULL,
    is_superuser boolean NOT NULL,
    is_staff boolean NOT NULL,
    date_joined timestamp with time zone NOT NULL,
    last_login timestamp with time zone,
    email_confirmed boolean NOT NULL,
    confirmation_token character varying,
    id_ciudad_id integer,
    foto_perfil character varying(100)
);


ALTER TABLE public."appLoginRegistro_usuario" OWNER TO postgres;

--
-- Name: appLoginRegistro_usuario_groups; Type: TABLE; Schema: public; Owner: postgres
--

CREATE TABLE public."appLoginRegistro_usuario_groups" (
    id bigint NOT NULL,
    usuario_id integer NOT NULL,
    group_id integer NOT NULL
);


ALTER TABLE public."appLoginRegistro_usuario_groups" OWNER TO postgres;

--
-- Name: appLoginRegistro_usuario_groups_id_seq; Type: SEQUENCE; Schema: public; Owner: postgres
--

ALTER TABLE public."appLoginRegistro_usuario_groups" ALTER COLUMN id ADD GENERATED BY DEFAULT AS IDENTITY (
    SEQUENCE NAME public."appLoginRegistro_usuario_groups_id_seq"
    START WITH 1
    INCREMENT BY 1
    NO MINVALUE
    NO MAXVALUE
    CACHE 1
);


--
-- Name: appLoginRegistro_usuario_id_usuario_seq; Type: SEQUENCE; Schema: public; Owner: postgres
--

ALTER TABLE public."appLoginRegistro_usuario" ALTER COLUMN id_usuario ADD GENERATED BY DEFAULT AS IDENTITY (
    SEQUENCE NAME public."appLoginRegistro_usuario_id_usuario_seq"
    START WITH 1
    INCREMENT BY 1
    NO MINVALUE
    NO MAXVALUE
    CACHE 1
);


--
-- Name: appLoginRegistro_usuario_user_permissions; Type: TABLE; Schema: public; Owner: postgres
--

CREATE TABLE public."appLoginRegistro_usuario_user_permissions" (
    id bigint NOT NULL,
    usuario_id integer NOT NULL,
    permission_id integer NOT NULL
);


ALTER TABLE public."appLoginRegistro_usuario_user_permissions" OWNER TO postgres;

--
-- Name: appLoginRegistro_usuario_user_permissions_id_seq; Type: SEQUENCE; Schema: public; Owner: postgres
--

ALTER TABLE public."appLoginRegistro_usuario_user_permissions" ALTER COLUMN id ADD GENERATED BY DEFAULT AS IDENTITY (
    SEQUENCE NAME public."appLoginRegistro_usuario_user_permissions_id_seq"
    START WITH 1
    INCREMENT BY 1
    NO MINVALUE
    NO MAXVALUE
    CACHE 1
);


--
-- Name: appNotificaciones_notificacion; Type: TABLE; Schema: public; Owner: postgres
--

CREATE TABLE public."appNotificaciones_notificacion" (
    id integer NOT NULL,
    titulo_notificacion character varying,
    mensaje_notificacion text,
    "timestamp" timestamp with time zone NOT NULL,
    leido boolean NOT NULL,
    usuario_id integer
);


ALTER TABLE public."appNotificaciones_notificacion" OWNER TO postgres;

--
-- Name: appNotificaciones_notificacion_id_seq; Type: SEQUENCE; Schema: public; Owner: postgres
--

ALTER TABLE public."appNotificaciones_notificacion" ALTER COLUMN id ADD GENERATED BY DEFAULT AS IDENTITY (
    SEQUENCE NAME public."appNotificaciones_notificacion_id_seq"
    START WITH 1
    INCREMENT BY 1
    NO MINVALUE
    NO MAXVALUE
    CACHE 1
);


--
-- Name: auth_group; Type: TABLE; Schema: public; Owner: postgres
--

CREATE TABLE public.auth_group (
    id integer NOT NULL,
    name character varying(150) NOT NULL
);


ALTER TABLE public.auth_group OWNER TO postgres;

--
-- Name: auth_group_id_seq; Type: SEQUENCE; Schema: public; Owner: postgres
--

ALTER TABLE public.auth_group ALTER COLUMN id ADD GENERATED BY DEFAULT AS IDENTITY (
    SEQUENCE NAME public.auth_group_id_seq
    START WITH 1
    INCREMENT BY 1
    NO MINVALUE
    NO MAXVALUE
    CACHE 1
);


--
-- Name: auth_group_permissions; Type: TABLE; Schema: public; Owner: postgres
--

CREATE TABLE public.auth_group_permissions (
    id bigint NOT NULL,
    group_id integer NOT NULL,
    permission_id integer NOT NULL
);


ALTER TABLE public.auth_group_permissions OWNER TO postgres;

--
-- Name: auth_group_permissions_id_seq; Type: SEQUENCE; Schema: public; Owner: postgres
--

ALTER TABLE public.auth_group_permissions ALTER COLUMN id ADD GENERATED BY DEFAULT AS IDENTITY (
    SEQUENCE NAME public.auth_group_permissions_id_seq
    START WITH 1
    INCREMENT BY 1
    NO MINVALUE
    NO MAXVALUE
    CACHE 1
);


--
-- Name: auth_permission; Type: TABLE; Schema: public; Owner: postgres
--

CREATE TABLE public.auth_permission (
    id integer NOT NULL,
    name character varying(255) NOT NULL,
    content_type_id integer NOT NULL,
    codename character varying(100) NOT NULL
);


ALTER TABLE public.auth_permission OWNER TO postgres;

--
-- Name: auth_permission_id_seq; Type: SEQUENCE; Schema: public; Owner: postgres
--

ALTER TABLE public.auth_permission ALTER COLUMN id ADD GENERATED BY DEFAULT AS IDENTITY (
    SEQUENCE NAME public.auth_permission_id_seq
    START WITH 1
    INCREMENT BY 1
    NO MINVALUE
    NO MAXVALUE
    CACHE 1
);


--
-- Name: django_admin_log; Type: TABLE; Schema: public; Owner: postgres
--

CREATE TABLE public.django_admin_log (
    id integer NOT NULL,
    action_time timestamp with time zone NOT NULL,
    object_id text,
    object_repr character varying(200) NOT NULL,
    action_flag smallint NOT NULL,
    change_message text NOT NULL,
    content_type_id integer,
    user_id integer NOT NULL,
    CONSTRAINT django_admin_log_action_flag_check CHECK ((action_flag >= 0))
);


ALTER TABLE public.django_admin_log OWNER TO postgres;

--
-- Name: django_admin_log_id_seq; Type: SEQUENCE; Schema: public; Owner: postgres
--

ALTER TABLE public.django_admin_log ALTER COLUMN id ADD GENERATED BY DEFAULT AS IDENTITY (
    SEQUENCE NAME public.django_admin_log_id_seq
    START WITH 1
    INCREMENT BY 1
    NO MINVALUE
    NO MAXVALUE
    CACHE 1
);


--
-- Name: django_content_type; Type: TABLE; Schema: public; Owner: postgres
--

CREATE TABLE public.django_content_type (
    id integer NOT NULL,
    app_label character varying(100) NOT NULL,
    model character varying(100) NOT NULL
);


ALTER TABLE public.django_content_type OWNER TO postgres;

--
-- Name: django_content_type_id_seq; Type: SEQUENCE; Schema: public; Owner: postgres
--

ALTER TABLE public.django_content_type ALTER COLUMN id ADD GENERATED BY DEFAULT AS IDENTITY (
    SEQUENCE NAME public.django_content_type_id_seq
    START WITH 1
    INCREMENT BY 1
    NO MINVALUE
    NO MAXVALUE
    CACHE 1
);


--
-- Name: django_migrations; Type: TABLE; Schema: public; Owner: postgres
--

CREATE TABLE public.django_migrations (
    id bigint NOT NULL,
    app character varying(255) NOT NULL,
    name character varying(255) NOT NULL,
    applied timestamp with time zone NOT NULL
);


ALTER TABLE public.django_migrations OWNER TO postgres;

--
-- Name: django_migrations_id_seq; Type: SEQUENCE; Schema: public; Owner: postgres
--

ALTER TABLE public.django_migrations ALTER COLUMN id ADD GENERATED BY DEFAULT AS IDENTITY (
    SEQUENCE NAME public.django_migrations_id_seq
    START WITH 1
    INCREMENT BY 1
    NO MINVALUE
    NO MAXVALUE
    CACHE 1
);


--
-- Name: django_session; Type: TABLE; Schema: public; Owner: postgres
--

CREATE TABLE public.django_session (
    session_key character varying(40) NOT NULL,
    session_data text NOT NULL,
    expire_date timestamp with time zone NOT NULL
);


ALTER TABLE public.django_session OWNER TO postgres;

--
-- Name: django_site; Type: TABLE; Schema: public; Owner: postgres
--

CREATE TABLE public.django_site (
    id integer NOT NULL,
    domain character varying(100) NOT NULL,
    name character varying(50) NOT NULL
);


ALTER TABLE public.django_site OWNER TO postgres;

--
-- Name: django_site_id_seq; Type: SEQUENCE; Schema: public; Owner: postgres
--

ALTER TABLE public.django_site ALTER COLUMN id ADD GENERATED BY DEFAULT AS IDENTITY (
    SEQUENCE NAME public.django_site_id_seq
    START WITH 1
    INCREMENT BY 1
    NO MINVALUE
    NO MAXVALUE
    CACHE 1
);


--
-- Name: socialaccount_socialaccount; Type: TABLE; Schema: public; Owner: postgres
--

CREATE TABLE public.socialaccount_socialaccount (
    id integer NOT NULL,
    provider character varying(200) NOT NULL,
    uid character varying(191) NOT NULL,
    last_login timestamp with time zone NOT NULL,
    date_joined timestamp with time zone NOT NULL,
    extra_data jsonb NOT NULL,
    user_id integer NOT NULL
);


ALTER TABLE public.socialaccount_socialaccount OWNER TO postgres;

--
-- Name: socialaccount_socialaccount_id_seq; Type: SEQUENCE; Schema: public; Owner: postgres
--

ALTER TABLE public.socialaccount_socialaccount ALTER COLUMN id ADD GENERATED BY DEFAULT AS IDENTITY (
    SEQUENCE NAME public.socialaccount_socialaccount_id_seq
    START WITH 1
    INCREMENT BY 1
    NO MINVALUE
    NO MAXVALUE
    CACHE 1
);


--
-- Name: socialaccount_socialapp; Type: TABLE; Schema: public; Owner: postgres
--

CREATE TABLE public.socialaccount_socialapp (
    id integer NOT NULL,
    provider character varying(30) NOT NULL,
    name character varying(40) NOT NULL,
    client_id character varying(191) NOT NULL,
    secret character varying(191) NOT NULL,
    key character varying(191) NOT NULL,
    provider_id character varying(200) NOT NULL,
    settings jsonb NOT NULL
);


ALTER TABLE public.socialaccount_socialapp OWNER TO postgres;

--
-- Name: socialaccount_socialapp_id_seq; Type: SEQUENCE; Schema: public; Owner: postgres
--

ALTER TABLE public.socialaccount_socialapp ALTER COLUMN id ADD GENERATED BY DEFAULT AS IDENTITY (
    SEQUENCE NAME public.socialaccount_socialapp_id_seq
    START WITH 1
    INCREMENT BY 1
    NO MINVALUE
    NO MAXVALUE
    CACHE 1
);


--
-- Name: socialaccount_socialapp_sites; Type: TABLE; Schema: public; Owner: postgres
--

CREATE TABLE public.socialaccount_socialapp_sites (
    id bigint NOT NULL,
    socialapp_id integer NOT NULL,
    site_id integer NOT NULL
);


ALTER TABLE public.socialaccount_socialapp_sites OWNER TO postgres;

--
-- Name: socialaccount_socialapp_sites_id_seq; Type: SEQUENCE; Schema: public; Owner: postgres
--

ALTER TABLE public.socialaccount_socialapp_sites ALTER COLUMN id ADD GENERATED BY DEFAULT AS IDENTITY (
    SEQUENCE NAME public.socialaccount_socialapp_sites_id_seq
    START WITH 1
    INCREMENT BY 1
    NO MINVALUE
    NO MAXVALUE
    CACHE 1
);


--
-- Name: socialaccount_socialtoken; Type: TABLE; Schema: public; Owner: postgres
--

CREATE TABLE public.socialaccount_socialtoken (
    id integer NOT NULL,
    token text NOT NULL,
    token_secret text NOT NULL,
    expires_at timestamp with time zone,
    account_id integer NOT NULL,
    app_id integer
);


ALTER TABLE public.socialaccount_socialtoken OWNER TO postgres;

--
-- Name: socialaccount_socialtoken_id_seq; Type: SEQUENCE; Schema: public; Owner: postgres
--

ALTER TABLE public.socialaccount_socialtoken ALTER COLUMN id ADD GENERATED BY DEFAULT AS IDENTITY (
    SEQUENCE NAME public.socialaccount_socialtoken_id_seq
    START WITH 1
    INCREMENT BY 1
    NO MINVALUE
    NO MAXVALUE
    CACHE 1
);


--
-- Data for Name: account_emailaddress; Type: TABLE DATA; Schema: public; Owner: postgres
--

COPY public.account_emailaddress (id, email, verified, "primary", user_id) FROM stdin;
\.


--
-- Data for Name: account_emailconfirmation; Type: TABLE DATA; Schema: public; Owner: postgres
--

COPY public.account_emailconfirmation (id, created, sent, key, email_address_id) FROM stdin;
\.


--
-- Data for Name: appAjustes_usuariopreferencia; Type: TABLE DATA; Schema: public; Owner: postgres
--

COPY public."appAjustes_usuariopreferencia" (id_preferencia, atributo_plan_id, usuario_id) FROM stdin;
42	94	26
43	191	26
44	95	26
45	101	26
\.


--
-- Data for Name: appCarritoPedido_carrito; Type: TABLE DATA; Schema: public; Owner: postgres
--

COPY public."appCarritoPedido_carrito" (id_carrito, id_usuario_id) FROM stdin;
1	3
3	4
57	21
59	5
8	6
9	7
11	8
61	22
13	9
62	23
15	10
70	24
71	25
72	26
40	11
41	13
42	14
43	15
46	16
48	17
49	18
50	19
51	20
\.


--
-- Data for Name: appCarritoPedido_carritodetalle; Type: TABLE DATA; Schema: public; Owner: postgres
--

COPY public."appCarritoPedido_carritodetalle" (id_carrito_detalle, cantidad, id_carrito_id, id_plan_id) FROM stdin;
\.


--
-- Data for Name: appCarritoPedido_pedido; Type: TABLE DATA; Schema: public; Owner: postgres
--

COPY public."appCarritoPedido_pedido" (id_pedido, fecha_reserva, total, id_cliente_id, estado) FROM stdin;
1	2024-06-13 20:11:12.116932+02	0	3	PENDIENTE
2	2024-06-13 22:33:29.216188+02	0	4	COMPLETADO
3	2024-06-13 22:36:31.576767+02	20	4	COMPLETADO
4	2024-06-14 18:41:17.083158+02	0	5	CANCELADO
5	2024-06-14 19:42:48.584786+02	7	5	CANCELADO
6	2024-06-14 19:43:51.224199+02	7	5	CANCELADO
7	2024-06-14 19:56:59.283016+02	20	5	CANCELADO
9	2024-06-14 20:01:30.044185+02	20	6	PENDIENTE
8	2024-06-14 19:57:41.226878+02	0	6	CANCELADO
10	2024-06-14 20:31:14.298647+02	20	6	PENDIENTE
11	2024-06-14 20:32:01.633598+02	0	7	PENDIENTE
12	2024-06-14 20:32:17.053715+02	20	7	PENDIENTE
13	2024-06-14 20:47:42.086745+02	20	7	PENDIENTE
14	2024-06-14 20:47:45.727398+02	20	7	PENDIENTE
15	2024-06-14 20:52:16.915032+02	0	8	PENDIENTE
16	2024-06-14 20:52:56.349654+02	20	8	PENDIENTE
17	2024-06-14 20:56:25.656713+02	0	9	PENDIENTE
18	2024-06-14 20:57:04.072077+02	20	9	PENDIENTE
19	2024-06-14 21:03:21.021772+02	0	10	PENDIENTE
20	2024-06-14 21:04:10.507366+02	20	10	PENDIENTE
21	2024-06-14 21:21:09.102836+02	20	11	COMPLETADO
22	2024-06-14 22:07:09.890911+02	80	11	CANCELADO
23	2024-06-14 23:11:31.765176+02	20	11	COMPLETADO
25	2024-06-14 23:50:35.749535+02	0	11	CANCELADO
26	2024-06-14 23:50:49.309648+02	0	11	CANCELADO
24	2024-06-14 23:23:17.302478+02	20	11	COMPLETADO
27	2024-06-15 00:16:47.806746+02	20	11	COMPLETADO
28	2024-06-15 00:56:49.923161+02	35	11	CANCELADO
29	2024-06-15 00:59:39.621856+02	20	11	CANCELADO
30	2024-06-15 01:05:44.137529+02	20	11	COMPLETADO
31	2024-06-15 01:06:35.694349+02	20	11	COMPLETADO
32	2024-06-15 01:11:12.856853+02	20	11	COMPLETADO
33	2024-06-15 01:15:37.706489+02	20	11	COMPLETADO
34	2024-06-15 01:19:15.396933+02	20	11	COMPLETADO
35	2024-06-15 01:23:03.341809+02	27	11	COMPLETADO
36	2024-06-15 01:23:17.158382+02	20	11	CANCELADO
37	2024-06-16 20:22:56.109082+02	20	16	COMPLETADO
38	2024-06-17 19:48:57.949572+02	30	17	COMPLETADO
39	2024-06-17 21:56:53.167762+02	20	5	COMPLETADO
40	2024-06-17 21:59:40.662225+02	20	5	COMPLETADO
41	2024-06-17 22:00:15.109274+02	20	5	COMPLETADO
42	2024-06-18 20:14:54.645919+02	400	21	COMPLETADO
43	2024-06-18 20:30:21.801392+02	20	21	CANCELADO
44	2024-06-19 22:14:45.555325+02	20	5	PENDIENTE
45	2024-06-19 23:28:30.914492+02	20	22	COMPLETADO
47	2024-06-21 01:36:56.792279+02	18	24	COMPLETADO
48	2024-06-21 01:40:56.282345+02	60	24	COMPLETADO
49	2024-06-21 01:48:37.742323+02	20	24	CANCELADO
50	2024-06-21 02:11:21.268308+02	20	24	PENDIENTE
\.


--
-- Data for Name: appCarritoPedido_pedidodetalle; Type: TABLE DATA; Schema: public; Owner: postgres
--

COPY public."appCarritoPedido_pedidodetalle" (id_pedido_detalle, cantidad, id_pedido_id, id_plan_id) FROM stdin;
38	1	47	80
\.


--
-- Data for Name: appIberiaExplorer_atributoplan; Type: TABLE DATA; Schema: public; Owner: postgres
--

COPY public."appIberiaExplorer_atributoplan" (id_atributo_plan, nombre, plan_id, url) FROM stdin;
209	Teatro/Performance	85	https://datos.madrid.es/egob/kos/actividades/TeatroPerformance
191	Programacion/Destacada/Agenda/Cultura	74	https://datos.madrid.es/egob/kos/actividades/ProgramacionDestacadaAgendaCultura
86	Programacion/Destacada/Agenda/Cultura	73	https://datos.madrid.es/egob/kos/actividades/ProgramacionDestacadaAgendaCultura
92	Programacion/Destacada/Agenda/Cultura	74	https://datos.madrid.es/egob/kos/actividades/ProgramacionDestacadaAgendaCultura
93	Programacion/Destacada/Agenda/Cultura	75	https://datos.madrid.es/egob/kos/actividades/ProgramacionDestacadaAgendaCultura
94	Teatro/Performance	76	https://datos.madrid.es/egob/kos/actividades/TeatroPerformance
95	Danza/Baile	77	https://datos.madrid.es/egob/kos/actividades/DanzaBaile
96	Teatro/Performance	78	https://datos.madrid.es/egob/kos/actividades/TeatroPerformance
97	Programacion/Destacada/Agenda/Cultura	79	https://datos.madrid.es/egob/kos/actividades/ProgramacionDestacadaAgendaCultura
98	Teatro/Performance	80	https://datos.madrid.es/egob/kos/actividades/TeatroPerformance
99	Programacion/Destacada/Agenda/Cultura	81	https://datos.madrid.es/egob/kos/actividades/ProgramacionDestacadaAgendaCultura
100	Programacion/Destacada/Agenda/Cultura	82	https://datos.madrid.es/egob/kos/actividades/ProgramacionDestacadaAgendaCultura
101	Musica	83	https://datos.madrid.es/egob/kos/actividades/Musica
\.


--
-- Data for Name: appIberiaExplorer_ciudad; Type: TABLE DATA; Schema: public; Owner: postgres
--

COPY public."appIberiaExplorer_ciudad" (id_ciudad, nombre, pais_id) FROM stdin;
1	Madrid	1
2	Barcelona	1
3	Valencia	1
4	Seville	1
5	Zaragoza	1
6	Málaga	1
7	Murcia	1
8	Palma	1
9	Las Palmas de Gran Canaria	1
10	Bilbao	1
11	Alicante	1
12	Córdoba	1
13	Valladolid	1
14	Vigo	1
15	Gijón	1
16	L'Hospitalet de Llobregat	1
17	A Coruña	1
18	Vitoria-Gasteiz	1
19	Granada	1
20	Elche	1
\.


--
-- Data for Name: appIberiaExplorer_continente; Type: TABLE DATA; Schema: public; Owner: postgres
--

COPY public."appIberiaExplorer_continente" (id_continente, nombre) FROM stdin;
1	Europa
2	Asia
3	África
4	América
5	Oceanía
\.


--
-- Data for Name: appIberiaExplorer_pais; Type: TABLE DATA; Schema: public; Owner: postgres
--

COPY public."appIberiaExplorer_pais" (id_pais, nombre, continente_id) FROM stdin;
1	España	1
\.


--
-- Data for Name: appIberiaExplorer_plan; Type: TABLE DATA; Schema: public; Owner: postgres
--

COPY public."appIberiaExplorer_plan" (id_plan, titulo, descripcion, precio, fecha_inicio, codigo_postal, fecha_fin, hora_inicio, nombre_calle, nombre_lugar, organizador, id_plan_api) FROM stdin;
73	pastora soler		70	2024-10-25	28012	2024-10-25	20:00:00	RONDA ATOCHA 35	MADRID	Teatro Circo Price	12396494
74	Campamento de teatro en inglés		1	2024-06-24	28045	2024-09-02	\N	PASEO CHOPERA 14	MADRID	Casa del Lector	12326193
75	Campamento del Price 2024		120	2024-06-24	28012	2024-07-19	\N	RONDA ATOCHA 35	MADRID	Teatro Circo Price	12358457
76	El fin		6	2024-06-13	28012	2024-07-14	19:00:00	CALLE PRINCIPE 25	MADRID	Teatro Español	12041987
77	Entre flores y cuentos: jardineras y jardineros en movimiento		30	2024-04-13	28045	2024-06-22	11:30:00	PLAZA LEGAZPI 8	MADRID	Matadero Madrid	12319811
78	Guardianes del corazón de la tierra	Miércoles a domingo / 19 horas	20	2024-07-10	28012	2024-07-14	\N	CALLE PRINCIPE 25	MADRID	Teatro Español	12042072
79	Kany García		80	2024-06-29	28012	2024-06-29	\N	RONDA ATOCHA 35	MADRID	Teatro Circo Price	12059206
80	Othelo (termina mal)		18	2024-07-12	28012	2024-07-28	\N	CALLE PRINCIPE 25	MADRID	Teatro Español	12041991
81	PASTORA SOLER		70	2024-10-25	28012	2024-10-25	20:00:00	RONDA ATOCHA 35	MADRID	Teatro Circo Price	12396494
82	Persépolis. Iannis Xenakis	Encargado por el Festival de Shiraz en Irán, el Politopo de Persépolis fue una espectacular obra multimedia realizada en las ruinas de las fortalezas del Emperador Darío II, ubicadas en la antigua cap...	7	2024-06-22	28014	2024-06-22	\N	PLAZA CIBELES 1	MADRID	CentroCentro	12355574
83	Sergio Dalma		1	2024-06-21	28012	2024-06-22	\N	RONDA ATOCHA 35	MADRID	Teatro Circo Price	12200768
85	14.4		20	2024-06-27	28012	2024-07-28	\N	CALLE PRINCIPE 25	MADRID	Teatro Español	12086620
\.


--
-- Data for Name: appLoginRegistro_usuario; Type: TABLE DATA; Schema: public; Owner: postgres
--

COPY public."appLoginRegistro_usuario" (id_usuario, username, apellido_1, apellido_2, email, password, telefono, direccion, fecha_baja, is_active, is_superuser, is_staff, date_joined, last_login, email_confirmed, confirmation_token, id_ciudad_id, foto_perfil) FROM stdin;
2	\N	\N	\N	mariodelcampo@centroculturalsalmantino.com	pbkdf2_sha256$720000$yBWdbpWaG5wC6GnvIVZVlB$0SJ7Qtl1a/A58KuQk8TpswzV/GQ6F+kavKQm3KU+PAg=	\N	\N	\N	t	t	t	2024-06-08 18:33:29.589569+02	\N	f	\N	\N	img/profile_pictures/default.png
13	gabriel	\N	\N	gabrielramos+13232@centroculturalsalmantino.com	Adivinala1.	\N	\N	\N	t	f	f	2024-06-15 17:53:38.282839+02	2024-06-15 17:53:38.31532+02	f	EZ5CfwUokJm7coDMrpE4JGFzuQGop4eU	\N	img/profile_pictures/default.png
4	gabriel	\N	\N	gabrielramos+2323@centroculturalsalmantino.com	Adivinala1.	\N	\N	2024-06-17 21:10:15.691138+02	f	f	f	2024-06-13 22:33:29.191936+02	2024-06-17 20:57:45.22188+02	f	GaTcjQglgGS2mNFY2r9Up396Vabfol98	\N	img/profile_pictures/default.png
16	gabriel	\N	\N	gabrielramos+22323@centroculturalsalmantino.com	pbkdf2_sha256$720000$n5vjPNmLRFNQaTCRv1KXxd$4w005pleG1UMwwjdAYDSK+4kvRTqpdA0DTXgbDkfKgk=	\N	\N	\N	t	f	f	2024-06-16 20:22:23.387091+02	2024-06-16 20:22:23.432302+02	f	X3r6C2emh5xgF5UIArWGwEMvSHlnteNO	\N	img/profile_pictures/default.png
20	gabriel	\N	\N	gabrielramos+232223@centroculturalsalmantino.com	pbkdf2_sha256$720000$6cASJ9OrAIrNcZern08xMF$7w66HDWaHiASebotaSew6Ielliec8KaNZoX0SYl71QU=	\N	\N	\N	t	f	f	2024-06-17 21:36:58.217437+02	2024-06-17 21:36:58.239555+02	t	YbkEozDe4bQGPYtOVN3jpsyz4gUsJyx9	\N	img/profile_pictures/default.png
18	gabriel	\N	\N	gabrielramos+211111111111@centroculturalsalmantino.com	pbkdf2_sha256$720000$zKRReVkn0WtUvgPWO159pZ$KK2DtfjLYRwVqiP89Rt298mlh+7h2Gp2dtvmH+7I810=	\N	\N	\N	t	f	f	2024-06-17 21:10:29.978941+02	2024-06-17 21:10:30.011719+02	f	fjOmtmLKTWcCtsa6oP2NyDajwoXyCRDC	\N	img/profile_pictures/default.png
6	gabriel	\N	\N	gabrielramos+111@centroculturalsalmantino.com	Adivinala1.	\N	\N	\N	t	f	f	2024-06-14 19:57:41.209216+02	2024-06-14 19:57:41.236154+02	f	WyUQyZV7Pa0Dgqty8irtJmbU6rn4jhl6	\N	img/profile_pictures/default.png
21	gabriel	antonio	anitoni	gabrielramos+66789787@centroculturalsalmantino.com	pbkdf2_sha256$720000$rxYRHPOVVGwma2WsR4KS8V$nqNY7l8FFw3Fjd2k4oNfDcjxx4erjFcERvoqReA6YqE=	asdasd	asd	\N	t	f	f	2024-06-18 19:49:47.574923+02	2024-06-18 20:06:29.39923+02	t	Yf2bRflAmIbPfhBqv9Srbzo4LO1zDOeW	1	img/profile_pictures/6-removebg-preview.png
7	gabriel	\N	\N	gabrielramos+321@centroculturalsalmantino.com	Adivinala1.	\N	\N	\N	t	f	f	2024-06-14 20:32:01.61937+02	2024-06-14 20:32:01.645154+02	f	Kbt7m2xqTIvI7vf8b7JhrnFkq1qRtVwZ	\N	img/profile_pictures/default.png
3	gabriel	\N	\N	gabrielramos+1@centroculturalsalmantino.com	Adivinala2.	\N	\N	2024-06-13 20:12:50.853237+02	f	f	f	2024-06-13 20:11:12.078074+02	2024-06-13 20:11:12.134108+02	f	Qbs1svMxvo46AiCFDNqNRKWal53ba53u	\N	img/profile_pictures/default.png
8	gabriel	\N	\N	gabrielramos+154@centroculturalsalmantino.com	Adivinala1.	\N	\N	\N	t	f	f	2024-06-14 20:52:16.898393+02	2024-06-14 20:52:16.925018+02	f	adud7eQOFDAxGinS6yCUyHNidGOolQBd	\N	img/profile_pictures/default.png
9	doomslayer69	\N	\N	gabrielramos+232@centroculturalsalmantino.com	Adivinala1.	\N	\N	\N	t	f	f	2024-06-14 20:56:25.64072+02	2024-06-14 20:56:25.667282+02	f	Wny3W7zRYmgrKCr0u6nIQ2gns6Dn2eOf	\N	img/profile_pictures/default.png
10	gabriel	\N	\N	gabrielramos+876@centroculturalsalmantino.com	Adivinala1.	\N	\N	\N	t	f	f	2024-06-14 21:03:21.009053+02	2024-06-14 21:03:21.030533+02	f	3ej1FihGPX7G242p2qu00XaB1HQaaQ00	\N	img/profile_pictures/default.png
11	gabriel	\N	\N	gabrielramos+687@centroculturalsalmantino.com	Adivinala1.	\N	\N	\N	t	f	f	2024-06-14 21:21:00.077208+02	2024-06-14 21:21:00.0972+02	f	DETx0sXU3o9lrYyY4kSMzRIivGxWDUx5	\N	img/profile_pictures/default.png
12	gabriel	\N	\N	gabrielramos+2221@centroculturalsalmantino.com	Adivinala1.	\N	\N	\N	t	f	f	2024-06-15 17:43:51.712344+02	\N	f	ddq2y4KTgyhoN9b2fTiIiX3aNpkDOxpv	\N	img/profile_pictures/default.png
19	gabriel	\N	\N	gabrielramos+1222@centroculturalsalmantino.com	pbkdf2_sha256$720000$P0chLv7sBqsJ3AO7N52pjv$eDpj4kWiUjORys2wXuNSlv1Ey2yu+4by106RCPIMoP4=	\N	\N	\N	t	f	f	2024-06-17 21:27:34.230195+02	2024-06-17 21:27:34.267686+02	f	7mlmLF8M4a3XVdBgkkerKR9BBoXGfJkW	\N	img/profile_pictures/default.png
14	gabriel	\N	\N	gabrielramos+12323@centroculturalsalmantino.com	pbkdf2_sha256$720000$kPeYJmsky3c1dd5wzISr1Z$uzTxws0Ksy58FzUyYw+4xBXBny85lfMTwV6EWjeWn+s=	\N	\N	2024-06-15 23:12:44.887486+02	f	f	f	2024-06-15 22:58:17.605644+02	2024-06-15 22:59:13.322999+02	f	pZZT1a93av1AGUTWEyJKXliF2BAckVUr	\N	img/profile_pictures/default.png
17	gabriel	asdsssssss	asdasd	gabrielramos+1111212@centroculturalsalmantino.com	pbkdf2_sha256$720000$JWzwO98bdhVpSn9bqpjgqH$dUtfQHHZCFrthOwwbdJnkAC9V0+r7VTLYCAOTXCIft4=	123	\N	\N	t	f	f	2024-06-17 19:38:55.943988+02	2024-06-17 19:38:55.977367+02	t	XixIwUkBVoMKhrqusFOlVANyayC84fdR	11	img/profile_pictures/default.png
15	gabriel	\N	\N	gabrielramos+3@centroculturalsalmantino.com	pbkdf2_sha256$720000$7a5xdmGhi9R55rFyEGstbJ$RCk99AeaeNQJcm92xN3rD6i8kcNiyRKHEeCXDnl47sY=	\N	\N	\N	t	f	f	2024-06-15 23:59:19.37631+02	2024-06-19 22:12:32.487421+02	f	ywYTtEVxL9tzkgcRDx9cug2rUU9fPp5Z	\N	img/profile_pictures/default.png
5	gabriel	\N	\N	gabrielramos+22@centroculturalsalmantino.com	Adivinala1.	\N	\N	\N	t	f	f	2024-06-14 18:41:17+02	2024-06-19 22:13:03.031414+02	t	zWP1vEY6SQDonRE6nYXbyreBcOH92SsI	\N	img/profile_pictures/1_jiZpi6i.png
24	gabriel	\N	\N	gabrielramos+333@centroculturalsalmantino.com	pbkdf2_sha256$720000$E50WCSzGfOm8CKCDXv10Zu$2mi55ubaMTPmdo6n1Q93BpvO13BJ+S8fR6/kK0/ML1Y=	\N	\N	\N	t	f	f	2024-06-20 22:56:32.169309+02	2024-06-20 22:56:32.214831+02	t	zpkcjkeSHPDuhXbm7Amm1EgZgda5VUl9	\N	img/profile_pictures/default.png
26	gabriel	\N	\N	gabrielramos+111111@centroculturalsalmantino.com	pbkdf2_sha256$720000$Q3CUlH5R4Eyp0fWCkzboJV$lAg969PeX4rTmvV4bquqg6HgSrLzSp+y7vKrKrqEx/8=	\N	\N	\N	t	f	f	2024-06-21 10:16:10.412277+02	2024-06-21 10:16:10.454046+02	f	9os7McS2Bcy7hgxzElrMSUt9XEaa8g2f	\N	img/profile_pictures/default.png
23	gabriel	\N	\N	gabrielramos+7564@centroculturalsalmantino.com	pbkdf2_sha256$720000$Wc5i0oj2bnL8wuoVpkc1Cy$ktbjYTvS5o+rDRpPWyQTS1abO5gfmTrsvVRToQEDo58=	\N	\N	\N	t	f	f	2024-06-20 20:11:18.621882+02	2024-06-20 20:11:18.679876+02	t	pWAiy3TpwDmMdCAaSr791JMCwniFRKU0	\N	img/profile_pictures/default.png
25	gabriel	\N	\N	gabrielramos+2@centroculturalsalmantino.com	pbkdf2_sha256$720000$FHsEJ2YeMK3aWQa4aUKHJt$rHehv8zjy+XfBCtvcJxlgBaIKwd80/HTGu/BobQER44=	\N	\N	2024-06-21 10:12:03.207876+02	f	f	f	2024-06-21 03:17:55.449021+02	2024-06-21 03:18:25.16315+02	f	eCaWmzICStgix8ev09KdP7gpSdlhHYRC	\N	img/profile_pictures/13_tDXBYKS.png
22	gabriel	\N	\N	gabrielramos+1234234@centroculturalsalmantino.com	pbkdf2_sha256$720000$U4WgViYOVVLvidtV5UCj5w$r6mhdS5fMrj+3ENd6lGQSxn+RC/Iawmkt+Lgf1wDT7A=	\N	\N	\N	t	f	f	2024-06-19 23:26:56.37889+02	2024-06-21 03:12:40.081374+02	t	SNtB1oBYWBKjVfq3qXOddAlmmqV9bRDN	\N	img/profile_pictures/default.png
1	\N	\N	\N	gabrielramos@centroculturalsalmantino.com	pbkdf2_sha256$720000$YxJS5ZrIYYS5ckgsF9N6yW$u27WYFDe0qFo41XnZm5RUfjiLN0JKmKZXi3fvQiGMv0=	\N	\N	\N	t	t	t	2024-06-08 18:31:06.908177+02	2024-06-21 03:27:27.322984+02	f	\N	\N	img/profile_pictures/default.png
\.


--
-- Data for Name: appLoginRegistro_usuario_groups; Type: TABLE DATA; Schema: public; Owner: postgres
--

COPY public."appLoginRegistro_usuario_groups" (id, usuario_id, group_id) FROM stdin;
\.


--
-- Data for Name: appLoginRegistro_usuario_user_permissions; Type: TABLE DATA; Schema: public; Owner: postgres
--

COPY public."appLoginRegistro_usuario_user_permissions" (id, usuario_id, permission_id) FROM stdin;
\.


--
-- Data for Name: appNotificaciones_notificacion; Type: TABLE DATA; Schema: public; Owner: postgres
--

COPY public."appNotificaciones_notificacion" (id, titulo_notificacion, mensaje_notificacion, "timestamp", leido, usuario_id) FROM stdin;
1	¡Bienvenido gabriel!	Por favor, revise su correo para verificar su cuenta.	2024-06-13 20:11:12.101137+02	f	3
2	Configura tu cuenta	Recuerda que puedes configurar tu cuenta en la sección de 'Mi perfil', y personalizar tu experiencia en nuestra plataforma.	2024-06-13 20:11:12.110258+02	f	3
3	¡Bienvenido gabriel!	Por favor, revise su correo para verificar su cuenta.	2024-06-13 22:33:29.202991+02	f	4
4	Configura tu cuenta	Recuerda que puedes configurar tu cuenta en la sección de 'Mi perfil', y personalizar tu experiencia en nuestra plataforma.	2024-06-13 22:33:29.208774+02	f	4
5	¡Pedido 2, 2024-06-13 20:33:29.216188+00:00, 0.0, 4 - gabriel -gabrielramos+2323@centroculturalsalmantino.com, COMPLETADO pagado!	Revise los detalles de su pedido en la sección de pedidos.	2024-06-13 22:36:44.707452+02	f	4
6	¡Pedido 3, 2024-06-13 20:36:31.576767+00:00, 20.0, 4 - gabriel -gabrielramos+2323@centroculturalsalmantino.com, COMPLETADO pagado!	Revise los detalles de su pedido en la sección de pedidos.	2024-06-13 22:36:44.712455+02	f	4
7	¡Bienvenido gabriel!	Por favor, revise su correo para verificar su cuenta.	2024-06-14 18:41:17.07321+02	f	5
8	Configura tu cuenta	Recuerda que puedes configurar tu cuenta en la sección de 'Mi perfil', y personalizar tu experiencia en nuestra plataforma.	2024-06-14 18:41:17.077194+02	f	5
9	¡Bienvenido gabriel!	Por favor, revise su correo para verificar su cuenta.	2024-06-14 19:57:41.216263+02	f	6
10	Configura tu cuenta	Recuerda que puedes configurar tu cuenta en la sección de 'Mi perfil', y personalizar tu experiencia en nuestra plataforma.	2024-06-14 19:57:41.219489+02	f	6
11	¡Bienvenido gabriel!	Por favor, revise su correo para verificar su cuenta.	2024-06-14 20:32:01.628964+02	f	7
12	Configura tu cuenta	Recuerda que puedes configurar tu cuenta en la sección de 'Mi perfil', y personalizar tu experiencia en nuestra plataforma.	2024-06-14 20:32:01.631122+02	f	7
13	¡Bienvenido gabriel!	Por favor, revise su correo para verificar su cuenta.	2024-06-14 20:52:16.90597+02	f	8
14	Configura tu cuenta	Recuerda que puedes configurar tu cuenta en la sección de 'Mi perfil', y personalizar tu experiencia en nuestra plataforma.	2024-06-14 20:52:16.907973+02	f	8
15	¡Bienvenido doomslayer69!	Por favor, revise su correo para verificar su cuenta.	2024-06-14 20:56:25.648374+02	f	9
16	Configura tu cuenta	Recuerda que puedes configurar tu cuenta en la sección de 'Mi perfil', y personalizar tu experiencia en nuestra plataforma.	2024-06-14 20:56:25.650354+02	f	9
17	¡Bienvenido gabriel!	Por favor, revise su correo para verificar su cuenta.	2024-06-14 21:03:21.015191+02	f	10
18	Configura tu cuenta	Recuerda que puedes configurar tu cuenta en la sección de 'Mi perfil', y personalizar tu experiencia en nuestra plataforma.	2024-06-14 21:03:21.016206+02	f	10
30	¡Pedido 35, 2024-06-14 23:23:03.341809+00:00, 27.0, 11 - gabriel -gabrielramos+687@centroculturalsalmantino.com, COMPLETADO pagado!	Revise los detalles de su pedido en la sección de pedidos.	2024-06-15 01:23:06.23206+02	f	11
31	¡Bienvenido gabriel!	Por favor, revise su correo para verificar su cuenta.	2024-06-15 17:43:51.721934+02	f	12
32	Configura tu cuenta	Recuerda que puedes configurar tu cuenta en la sección de 'Mi perfil', y personalizar tu experiencia en nuestra plataforma.	2024-06-15 17:43:51.727933+02	f	12
33	¡Bienvenido gabriel!	Por favor, revise su correo para verificar su cuenta.	2024-06-15 17:53:38.295727+02	f	13
34	Configura tu cuenta	Recuerda que puedes configurar tu cuenta en la sección de 'Mi perfil', y personalizar tu experiencia en nuestra plataforma.	2024-06-15 17:53:38.302369+02	f	13
35	¡Bienvenido gabriel!	Por favor, revise su correo para verificar su cuenta.	2024-06-15 22:58:17.623943+02	f	14
36	Configura tu cuenta	Recuerda que puedes configurar tu cuenta en la sección de 'Mi perfil', y personalizar tu experiencia en nuestra plataforma.	2024-06-15 22:58:17.632061+02	f	14
37	Confirma tu cuenta.	Por favor, revise su correo para verificar su cuenta.	2024-06-15 22:59:14.613806+02	f	14
38	¡Bienvenido gabriel!	Por favor, revise su correo para verificar su cuenta.	2024-06-15 23:59:19.391604+02	f	15
39	Configura tu cuenta	Recuerda que puedes configurar tu cuenta en la sección de 'Mi perfil', y personalizar tu experiencia en nuestra plataforma.	2024-06-15 23:59:19.40057+02	f	15
40	Confirma tu cuenta.	Por favor, revise su correo para verificar su cuenta.	2024-06-16 00:14:55.240679+02	f	15
41	Confirma tu cuenta.	Por favor, revise su correo para verificar su cuenta.	2024-06-16 01:52:30.527549+02	f	15
42	¡Bienvenido gabriel!	Por favor, revise su correo para verificar su cuenta.	2024-06-16 20:22:23.40507+02	f	16
43	Configura tu cuenta	Recuerda que puedes configurar tu cuenta en la sección de 'Mi perfil', y personalizar tu experiencia en nuestra plataforma.	2024-06-16 20:22:23.414927+02	f	16
44	¡Pedido 37, 2024-06-16 18:22:56.109082+00:00, 20.0, 16 - gabriel -gabrielramos+22323@centroculturalsalmantino.com, COMPLETADO pagado!	Revise los detalles de su pedido en la sección de pedidos.	2024-06-16 20:23:06.212387+02	f	16
45	¡Bienvenido gabriel!	Por favor, revise su correo para verificar su cuenta.	2024-06-17 19:38:55.956079+02	f	17
46	Configura tu cuenta	Recuerda que puedes configurar tu cuenta en la sección de 'Mi perfil', y personalizar tu experiencia en nuestra plataforma.	2024-06-17 19:38:55.964784+02	f	17
47	¡Pedido 38, 2024-06-17 17:48:57.949572+00:00, 30.0, 17 - gabriel -gabrielramos+1111212@centroculturalsalmantino.com, COMPLETADO pagado!	Revise los detalles de su pedido en la sección de pedidos.	2024-06-17 19:48:58.940353+02	t	17
48	Confirma tu cuenta.	Por favor, revise su correo para verificar su cuenta.	2024-06-17 20:55:41.040941+02	f	4
49	Confirma tu cuenta.	Por favor, revise su correo para verificar su cuenta.	2024-06-17 20:57:46.58855+02	f	4
50	¡Bienvenido gabriel!	Por favor, revise su correo para verificar su cuenta.	2024-06-17 21:10:29.986952+02	f	18
51	Configura tu cuenta	Recuerda que puedes configurar tu cuenta en la sección de 'Mi perfil', y personalizar tu experiencia en nuestra plataforma.	2024-06-17 21:10:29.996855+02	f	18
52	¡Bienvenido gabriel!	Por favor, revise su correo para verificar su cuenta.	2024-06-17 21:27:34.243603+02	f	19
53	Configura tu cuenta	Recuerda que puedes configurar tu cuenta en la sección de 'Mi perfil', y personalizar tu experiencia en nuestra plataforma.	2024-06-17 21:27:34.253176+02	f	19
54	¡Bienvenido gabriel!	Por favor, revise su correo para verificar su cuenta.	2024-06-17 21:36:58.222197+02	f	20
55	Configura tu cuenta	Recuerda que puedes configurar tu cuenta en la sección de 'Mi perfil', y personalizar tu experiencia en nuestra plataforma.	2024-06-17 21:36:58.227682+02	f	20
56	Confirma tu cuenta.	Por favor, revise su correo para verificar su cuenta.	2024-06-17 21:40:14.294447+02	f	5
57	¡Pedido 39, 2024-06-17 19:56:53.167762+00:00, 20.0, 5 - gabriel -gabrielramos+22@centroculturalsalmantino.com, COMPLETADO pagado!	Revise los detalles de su pedido en la sección de pedidos.	2024-06-17 21:56:55.42914+02	f	5
58	¡Pedido 14.4 pagado!	Revise los detalles de su pedido en la sección de pedidos.	2024-06-17 21:59:42.415454+02	t	5
59	¡Pedido del plan con título '14.4' pagado!	Revise los detalles de su pedido en la sección de pedidos.	2024-06-17 22:00:16.95987+02	t	5
60	¡Bienvenido gabriel!	Por favor, revise su correo para verificar su cuenta.	2024-06-18 19:49:47.594799+02	t	21
61	Configura tu cuenta	Recuerda que puedes configurar tu cuenta en la sección de 'Mi perfil', y personalizar tu experiencia en nuestra plataforma.	2024-06-18 19:49:47.60462+02	t	21
62	¡Pedido del plan con título '14.4' pagado!	Revise los detalles de su pedido en la sección de pedidos.	2024-06-18 20:14:59.441056+02	t	21
63	Confirma tu cuenta.	Por favor, revise su correo para verificar su cuenta.	2024-06-19 22:12:34.265387+02	f	15
64	¡Bienvenido gabriel!	Por favor, revise su correo para verificar su cuenta.	2024-06-19 23:26:56.394843+02	f	22
65	Configura tu cuenta	Recuerda que puedes configurar tu cuenta en la sección de 'Mi perfil', y personalizar tu experiencia en nuestra plataforma.	2024-06-19 23:26:56.404956+02	f	22
66	¡Pedido del plan con título '14.4' pagado!	Revise los detalles de su pedido en la sección de pedidos.	2024-06-19 23:28:42.702829+02	f	22
67	¡Bienvenido gabriel!	Por favor, revise su correo para verificar su cuenta.	2024-06-20 20:11:18.64485+02	f	23
68	Configura tu cuenta	Recuerda que puedes configurar tu cuenta en la sección de 'Mi perfil', y personalizar tu experiencia en nuestra plataforma.	2024-06-20 20:11:18.657707+02	t	23
69	¡Bienvenido gabriel!	Por favor, revise su correo para verificar su cuenta.	2024-06-20 22:56:32.18625+02	f	24
70	Configura tu cuenta	Recuerda que puedes configurar tu cuenta en la sección de 'Mi perfil', y personalizar tu experiencia en nuestra plataforma.	2024-06-20 22:56:32.199293+02	f	24
71	¡Pedido del plan con título 'Othelo (termina mal)' pagado!	Revise los detalles de su pedido en la sección de pedidos.	2024-06-21 01:41:00.579602+02	f	24
72	¡Pedido del plan con título '14.4' pagado!	Revise los detalles de su pedido en la sección de pedidos.	2024-06-21 01:41:00.608733+02	f	24
73	¡Bienvenido gabriel!	Por favor, revise su correo para verificar su cuenta.	2024-06-21 03:17:55.474129+02	f	25
74	Configura tu cuenta	Recuerda que puedes configurar tu cuenta en la sección de 'Mi perfil', y personalizar tu experiencia en nuestra plataforma.	2024-06-21 03:17:55.491175+02	f	25
75	Confirma tu cuenta.	Por favor, revise su correo para verificar su cuenta.	2024-06-21 03:18:27.511263+02	f	25
78	Se ha añadido un nuevo plan que puede ser de tu interés: 14.4	El plan con el atributo Teatro/Performance ha sido añadido. ¡No te lo pierdas!	2024-06-21 11:01:14.51868+02	f	26
\.


--
-- Data for Name: auth_group; Type: TABLE DATA; Schema: public; Owner: postgres
--

COPY public.auth_group (id, name) FROM stdin;
\.


--
-- Data for Name: auth_group_permissions; Type: TABLE DATA; Schema: public; Owner: postgres
--

COPY public.auth_group_permissions (id, group_id, permission_id) FROM stdin;
\.


--
-- Data for Name: auth_permission; Type: TABLE DATA; Schema: public; Owner: postgres
--

COPY public.auth_permission (id, name, content_type_id, codename) FROM stdin;
1	Can add log entry	1	add_logentry
2	Can change log entry	1	change_logentry
3	Can delete log entry	1	delete_logentry
4	Can view log entry	1	view_logentry
5	Can add permission	2	add_permission
6	Can change permission	2	change_permission
7	Can delete permission	2	delete_permission
8	Can view permission	2	view_permission
9	Can add group	3	add_group
10	Can change group	3	change_group
11	Can delete group	3	delete_group
12	Can view group	3	view_group
13	Can add content type	4	add_contenttype
14	Can change content type	4	change_contenttype
15	Can delete content type	4	delete_contenttype
16	Can view content type	4	view_contenttype
17	Can add session	5	add_session
18	Can change session	5	change_session
19	Can delete session	5	delete_session
20	Can view session	5	view_session
21	Can add site	6	add_site
22	Can change site	6	change_site
23	Can delete site	6	delete_site
24	Can view site	6	view_site
25	Can add email address	7	add_emailaddress
26	Can change email address	7	change_emailaddress
27	Can delete email address	7	delete_emailaddress
28	Can view email address	7	view_emailaddress
29	Can add email confirmation	8	add_emailconfirmation
30	Can change email confirmation	8	change_emailconfirmation
31	Can delete email confirmation	8	delete_emailconfirmation
32	Can view email confirmation	8	view_emailconfirmation
33	Can add social account	9	add_socialaccount
34	Can change social account	9	change_socialaccount
35	Can delete social account	9	delete_socialaccount
36	Can view social account	9	view_socialaccount
37	Can add social application	10	add_socialapp
38	Can change social application	10	change_socialapp
39	Can delete social application	10	delete_socialapp
40	Can view social application	10	view_socialapp
41	Can add social application token	11	add_socialtoken
42	Can change social application token	11	change_socialtoken
43	Can delete social application token	11	delete_socialtoken
44	Can view social application token	11	view_socialtoken
45	Can add AtributoPlan	12	add_atributoplan
46	Can change AtributoPlan	12	change_atributoplan
47	Can delete AtributoPlan	12	delete_atributoplan
48	Can view AtributoPlan	12	view_atributoplan
49	Can add Ciudad	13	add_ciudad
50	Can change Ciudad	13	change_ciudad
51	Can delete Ciudad	13	delete_ciudad
52	Can view Ciudad	13	view_ciudad
53	Can add Continente	14	add_continente
54	Can change Continente	14	change_continente
55	Can delete Continente	14	delete_continente
56	Can view Continente	14	view_continente
57	Can add Pais	15	add_pais
58	Can change Pais	15	change_pais
59	Can delete Pais	15	delete_pais
60	Can view Pais	15	view_pais
61	Can add Plan	16	add_plan
62	Can change Plan	16	change_plan
63	Can delete Plan	16	delete_plan
64	Can view Plan	16	view_plan
65	Can add Usuario	17	add_usuario
66	Can change Usuario	17	change_usuario
67	Can delete Usuario	17	delete_usuario
68	Can view Usuario	17	view_usuario
69	Can add Carrito	18	add_carrito
70	Can change Carrito	18	change_carrito
71	Can delete Carrito	18	delete_carrito
72	Can view Carrito	18	view_carrito
73	Can add CarritoDetalle	19	add_carritodetalle
74	Can change CarritoDetalle	19	change_carritodetalle
75	Can delete CarritoDetalle	19	delete_carritodetalle
76	Can view CarritoDetalle	19	view_carritodetalle
77	Can add Pedido	20	add_pedido
78	Can change Pedido	20	change_pedido
79	Can delete Pedido	20	delete_pedido
80	Can view Pedido	20	view_pedido
81	Can add PedidoDetalle	21	add_pedidodetalle
82	Can change PedidoDetalle	21	change_pedidodetalle
83	Can delete PedidoDetalle	21	delete_pedidodetalle
84	Can view PedidoDetalle	21	view_pedidodetalle
85	Can add Notificacion	22	add_notificacion
86	Can change Notificacion	22	change_notificacion
87	Can delete Notificacion	22	delete_notificacion
88	Can view Notificacion	22	view_notificacion
89	Can add UsuarioPreferencia	23	add_usuariopreferencia
90	Can change UsuarioPreferencia	23	change_usuariopreferencia
91	Can delete UsuarioPreferencia	23	delete_usuariopreferencia
92	Can view UsuarioPreferencia	23	view_usuariopreferencia
\.


--
-- Data for Name: django_admin_log; Type: TABLE DATA; Schema: public; Owner: postgres
--

COPY public.django_admin_log (id, action_time, object_id, object_repr, action_flag, change_message, content_type_id, user_id) FROM stdin;
1	2024-06-08 18:35:06.609379+02	1	http://127.0.0.1:8000	2	[{"changed": {"fields": ["Domain name", "Display name"]}}]	6	1
2	2024-06-08 18:35:28.867468+02	1	google	1	[{"added": {}}]	10	1
3	2024-06-09 20:22:13.654003+02	7	None, https://datos.madrid.es/egob/kos/actividades/ProgramacionDestacadaAgendaCultura	3		23	1
4	2024-06-09 20:22:13.667998+02	5	None, https://datos.madrid.es/egob/kos/actividades/Musica	3		23	1
5	2024-06-09 20:22:13.669011+02	4	None, https://datos.madrid.es/egob/kos/actividades/CursosTalleres	3		23	1
6	2024-06-09 20:22:13.670009+02	1	None, https://datos.madrid.es/egob/kos/actividades/TeatroPerformance	3		23	1
7	2024-06-09 20:22:30.944312+02	24	https://datos.madrid.es/egob/kos/actividades/ProgramacionDestacadaAgendaCultura, «selección de cortometrajes de don hertzfeldt» + «me», 3.0, 12381305	3		12	1
8	2024-06-09 20:22:30.954417+02	23	https://datos.madrid.es/egob/kos/actividades/ProgramacionDestacadaAgendaCultura, world of tomorrow (i, ii &amp; iii), 3.0, 12171539	3		12	1
9	2024-06-09 20:22:30.956007+02	22	https://datos.madrid.es/egob/kos/actividades/RecitalesPresentacionesActosLiterarios, viaje a nunca jamás con peter pan, piratas, hadas, y niños perdidos, 30.0, 12319306	3		12	1
10	2024-06-09 20:22:30.957204+02	21	https://datos.madrid.es/egob/kos/actividades/ProgramacionDestacadaAgendaCultura, sexpiertos, 18.0, 12327903	3		12	1
11	2024-06-09 20:22:30.958384+02	20	https://datos.madrid.es/egob/kos/actividades/Musica, sergio dalma, 1.0, 12200768	3		12	1
12	2024-06-09 20:22:30.959404+02	19	https://datos.madrid.es/egob/kos/actividades/ProgramacionDestacadaAgendaCultura, poliana lima: the common  ground, 14.0, 12378401	3		12	1
13	2024-06-09 20:22:30.961248+02	18	https://datos.madrid.es/egob/kos/actividades/ProgramacionDestacadaAgendaCultura, persépolis. iannis xenakis, 7.0, 12355574	3		12	1
14	2024-06-09 20:22:30.96226+02	17	https://datos.madrid.es/egob/kos/actividades/TeatroPerformance, othelo (termina mal), 18.0, 12041991	3		12	1
15	2024-06-09 20:22:30.963267+02	16	https://datos.madrid.es/egob/kos/actividades/ProgramacionDestacadaAgendaCultura, marceline, 10.0, 12042066	3		12	1
16	2024-06-09 20:22:30.964214+02	15	https://datos.madrid.es/egob/kos/actividades/RecitalesPresentacionesActosLiterarios, maratón de escritura, 25.0, 12329251	3		12	1
17	2024-06-09 20:22:30.96582+02	14	https://datos.madrid.es/egob/kos/actividades/TeatroPerformance, los amigos de ellos dos, 20.0, 12042056	3		12	1
18	2024-06-09 20:22:30.967711+02	13	https://datos.madrid.es/egob/kos/actividades/RecitalesPresentacionesActosLiterarios, la guerra civil en la literatura, 72.0, 12326982	3		12	1
19	2024-06-09 20:22:30.968807+02	12	https://datos.madrid.es/egob/kos/actividades/ProgramacionDestacadaAgendaCultura, kany garcía, 80.0, 12059206	3		12	1
20	2024-06-09 20:22:30.970372+02	11	https://datos.madrid.es/egob/kos/actividades/CursosTalleres, jugar el circo 2024. viaje, 5.0, 12354925	3		12	1
21	2024-06-09 20:22:30.97137+02	10	https://datos.madrid.es/egob/kos/actividades/ProgramacionDestacadaAgendaCultura, jugar el arte en familia, 10.0, 12329385	3		12	1
22	2024-06-09 20:22:30.97137+02	9	https://datos.madrid.es/egob/kos/actividades/TeatroPerformance, guardianes del corazón de la tierra, 20.0, 12042072	3		12	1
23	2024-06-09 20:22:30.972369+02	8	https://datos.madrid.es/egob/kos/actividades/TeatroPerformance, festen, 20.0, 12042063	3		12	1
24	2024-06-09 20:22:30.97337+02	7	https://datos.madrid.es/egob/kos/actividades/DanzaBaile, entre flores y cuentos: jardineras y jardineros en movimiento, 30.0, 12319811	3		12	1
25	2024-06-09 20:22:30.974369+02	6	https://datos.madrid.es/egob/kos/actividades/TeatroPerformance, el fin, 6.0, 12041987	3		12	1
26	2024-06-09 20:22:30.975369+02	5	https://datos.madrid.es/egob/kos/actividades/CursosTalleres, decir si o no, 8.0, 12095354	3		12	1
27	2024-06-09 20:22:30.976371+02	4	https://datos.madrid.es/egob/kos/actividades/ProgramacionDestacadaAgendaCultura, campamento del price 2024, 120.0, 12358457	3		12	1
28	2024-06-09 20:22:30.97737+02	3	https://datos.madrid.es/egob/kos/actividades/ProgramacionDestacadaAgendaCultura, campamento de teatro en inglés, 1.0, 12326193	3		12	1
29	2024-06-09 20:22:30.978375+02	2	https://datos.madrid.es/egob/kos/actividades/ProgramacionDestacadaAgendaCultura, adrián de alfonso, 7.0, 12350210	3		12	1
30	2024-06-09 20:22:30.980372+02	1	https://datos.madrid.es/egob/kos/actividades/TeatroPerformance, 14.4, 20.0, 12086620	3		12	1
31	2024-06-09 20:23:18.191858+02	24	«selección de cortometrajes de don hertzfeldt» + «me», 3.0, 12381305	3		16	1
32	2024-06-09 20:23:18.200347+02	1	14.4, 20.0, 12086620	3		16	1
33	2024-06-09 20:23:18.202378+02	2	adrián de alfonso, 7.0, 12350210	3		16	1
34	2024-06-09 20:23:18.203354+02	3	campamento de teatro en inglés, 1.0, 12326193	3		16	1
35	2024-06-09 20:23:18.204394+02	4	campamento del price 2024, 120.0, 12358457	3		16	1
36	2024-06-09 20:23:18.205586+02	5	decir si o no, 8.0, 12095354	3		16	1
37	2024-06-09 20:23:18.206255+02	6	el fin, 6.0, 12041987	3		16	1
38	2024-06-09 20:23:18.207266+02	7	entre flores y cuentos: jardineras y jardineros en movimiento, 30.0, 12319811	3		16	1
39	2024-06-09 20:23:18.207266+02	8	festen, 20.0, 12042063	3		16	1
40	2024-06-09 20:23:18.207266+02	9	guardianes del corazón de la tierra, 20.0, 12042072	3		16	1
41	2024-06-09 20:23:18.208302+02	10	jugar el arte en familia, 10.0, 12329385	3		16	1
42	2024-06-09 20:23:18.208302+02	11	jugar el circo 2024. viaje, 5.0, 12354925	3		16	1
43	2024-06-09 20:23:18.20931+02	12	kany garcía, 80.0, 12059206	3		16	1
44	2024-06-09 20:23:18.20931+02	13	la guerra civil en la literatura, 72.0, 12326982	3		16	1
45	2024-06-09 20:23:18.210541+02	14	los amigos de ellos dos, 20.0, 12042056	3		16	1
46	2024-06-09 20:23:18.210541+02	15	maratón de escritura, 25.0, 12329251	3		16	1
47	2024-06-09 20:23:18.211636+02	16	marceline, 10.0, 12042066	3		16	1
48	2024-06-09 20:23:18.212496+02	17	othelo (termina mal), 18.0, 12041991	3		16	1
49	2024-06-09 20:23:18.21337+02	18	persépolis. iannis xenakis, 7.0, 12355574	3		16	1
50	2024-06-09 20:23:18.21337+02	19	poliana lima: the common  ground, 14.0, 12378401	3		16	1
51	2024-06-09 20:23:18.214388+02	20	sergio dalma, 1.0, 12200768	3		16	1
52	2024-06-09 20:23:18.215865+02	21	sexpiertos, 18.0, 12327903	3		16	1
53	2024-06-09 20:23:18.217217+02	22	viaje a nunca jamás con peter pan, piratas, hadas, y niños perdidos, 30.0, 12319306	3		16	1
54	2024-06-09 20:23:18.218435+02	23	world of tomorrow (i, ii &amp; iii), 3.0, 12171539	3		16	1
55	2024-06-09 20:25:53.009576+02	48	https://datos.madrid.es/egob/kos/actividades/ProgramacionDestacadaAgendaCultura, «selección de cortometrajes de don hertzfeldt» + «me», 3.0, 12381305	3		12	1
56	2024-06-09 20:25:53.01456+02	47	https://datos.madrid.es/egob/kos/actividades/ProgramacionDestacadaAgendaCultura, world of tomorrow (i, ii &amp; iii), 3.0, 12171539	3		12	1
118	2024-06-21 01:35:31.78578+02	58	jugar el arte en familia, 10.0, 12329385	3		16	1
57	2024-06-09 20:25:53.016564+02	46	https://datos.madrid.es/egob/kos/actividades/RecitalesPresentacionesActosLiterarios, viaje a nunca jamás con peter pan, piratas, hadas, y niños perdidos, 30.0, 12319306	3		12	1
58	2024-06-09 20:25:53.018945+02	45	https://datos.madrid.es/egob/kos/actividades/ProgramacionDestacadaAgendaCultura, sexpiertos, 18.0, 12327903	3		12	1
59	2024-06-09 20:25:53.019951+02	44	https://datos.madrid.es/egob/kos/actividades/Musica, sergio dalma, 1.0, 12200768	3		12	1
60	2024-06-09 20:25:53.020977+02	43	https://datos.madrid.es/egob/kos/actividades/ProgramacionDestacadaAgendaCultura, poliana lima: the common  ground, 14.0, 12378401	3		12	1
61	2024-06-09 20:25:53.021981+02	42	https://datos.madrid.es/egob/kos/actividades/ProgramacionDestacadaAgendaCultura, persépolis. iannis xenakis, 7.0, 12355574	3		12	1
62	2024-06-09 20:25:53.021981+02	41	https://datos.madrid.es/egob/kos/actividades/TeatroPerformance, othelo (termina mal), 18.0, 12041991	3		12	1
63	2024-06-09 20:25:53.022982+02	40	https://datos.madrid.es/egob/kos/actividades/ProgramacionDestacadaAgendaCultura, marceline, 10.0, 12042066	3		12	1
64	2024-06-09 20:25:53.023981+02	39	https://datos.madrid.es/egob/kos/actividades/RecitalesPresentacionesActosLiterarios, maratón de escritura, 25.0, 12329251	3		12	1
65	2024-06-09 20:25:53.024981+02	38	https://datos.madrid.es/egob/kos/actividades/TeatroPerformance, los amigos de ellos dos, 20.0, 12042056	3		12	1
66	2024-06-09 20:25:53.024981+02	37	https://datos.madrid.es/egob/kos/actividades/RecitalesPresentacionesActosLiterarios, la guerra civil en la literatura, 72.0, 12326982	3		12	1
67	2024-06-09 20:25:53.025982+02	36	https://datos.madrid.es/egob/kos/actividades/ProgramacionDestacadaAgendaCultura, kany garcía, 80.0, 12059206	3		12	1
68	2024-06-09 20:25:53.026774+02	35	https://datos.madrid.es/egob/kos/actividades/CursosTalleres, jugar el circo 2024. viaje, 5.0, 12354925	3		12	1
69	2024-06-09 20:25:53.027315+02	34	https://datos.madrid.es/egob/kos/actividades/ProgramacionDestacadaAgendaCultura, jugar el arte en familia, 10.0, 12329385	3		12	1
70	2024-06-09 20:25:53.027835+02	33	https://datos.madrid.es/egob/kos/actividades/TeatroPerformance, guardianes del corazón de la tierra, 20.0, 12042072	3		12	1
71	2024-06-09 20:25:53.028964+02	32	https://datos.madrid.es/egob/kos/actividades/TeatroPerformance, festen, 20.0, 12042063	3		12	1
72	2024-06-09 20:25:53.029984+02	31	https://datos.madrid.es/egob/kos/actividades/DanzaBaile, entre flores y cuentos: jardineras y jardineros en movimiento, 30.0, 12319811	3		12	1
73	2024-06-09 20:25:53.030992+02	30	https://datos.madrid.es/egob/kos/actividades/TeatroPerformance, el fin, 6.0, 12041987	3		12	1
74	2024-06-09 20:25:53.031986+02	29	https://datos.madrid.es/egob/kos/actividades/CursosTalleres, decir si o no, 8.0, 12095354	3		12	1
75	2024-06-09 20:25:53.032974+02	28	https://datos.madrid.es/egob/kos/actividades/ProgramacionDestacadaAgendaCultura, campamento del price 2024, 120.0, 12358457	3		12	1
76	2024-06-09 20:25:53.032974+02	27	https://datos.madrid.es/egob/kos/actividades/ProgramacionDestacadaAgendaCultura, campamento de teatro en inglés, 1.0, 12326193	3		12	1
77	2024-06-09 20:25:53.033985+02	26	https://datos.madrid.es/egob/kos/actividades/ProgramacionDestacadaAgendaCultura, adrián de alfonso, 7.0, 12350210	3		12	1
78	2024-06-09 20:25:53.035977+02	25	https://datos.madrid.es/egob/kos/actividades/TeatroPerformance, 14.4, 20.0, 12086620	3		12	1
79	2024-06-09 20:26:07.932577+02	48	«selección de cortometrajes de don hertzfeldt» + «me», 3.0, 12381305	3		16	1
80	2024-06-09 20:26:07.941784+02	47	world of tomorrow (i, ii &amp; iii), 3.0, 12171539	3		16	1
81	2024-06-09 20:26:07.943873+02	46	viaje a nunca jamás con peter pan, piratas, hadas, y niños perdidos, 30.0, 12319306	3		16	1
82	2024-06-09 20:26:07.943873+02	45	sexpiertos, 18.0, 12327903	3		16	1
83	2024-06-09 20:26:07.944872+02	44	sergio dalma, 1.0, 12200768	3		16	1
84	2024-06-09 20:26:07.944872+02	43	poliana lima: the common  ground, 14.0, 12378401	3		16	1
85	2024-06-09 20:26:07.94628+02	42	persépolis. iannis xenakis, 7.0, 12355574	3		16	1
86	2024-06-09 20:26:07.947382+02	41	othelo (termina mal), 18.0, 12041991	3		16	1
87	2024-06-09 20:26:07.948526+02	40	marceline, 10.0, 12042066	3		16	1
88	2024-06-09 20:26:07.94955+02	39	maratón de escritura, 25.0, 12329251	3		16	1
89	2024-06-09 20:26:07.950679+02	38	los amigos de ellos dos, 20.0, 12042056	3		16	1
90	2024-06-09 20:26:07.952157+02	37	la guerra civil en la literatura, 72.0, 12326982	3		16	1
91	2024-06-09 20:26:07.953716+02	36	kany garcía, 80.0, 12059206	3		16	1
92	2024-06-09 20:26:07.955228+02	35	jugar el circo 2024. viaje, 5.0, 12354925	3		16	1
93	2024-06-09 20:26:07.955228+02	34	jugar el arte en familia, 10.0, 12329385	3		16	1
94	2024-06-09 20:26:07.956463+02	33	guardianes del corazón de la tierra, 20.0, 12042072	3		16	1
95	2024-06-09 20:26:07.958036+02	32	festen, 20.0, 12042063	3		16	1
96	2024-06-09 20:26:07.958036+02	31	entre flores y cuentos: jardineras y jardineros en movimiento, 30.0, 12319811	3		16	1
97	2024-06-09 20:26:07.959125+02	30	el fin, 6.0, 12041987	3		16	1
98	2024-06-09 20:26:07.960389+02	29	decir si o no, 8.0, 12095354	3		16	1
99	2024-06-09 20:26:07.9614+02	28	campamento del price 2024, 120.0, 12358457	3		16	1
100	2024-06-09 20:26:07.962407+02	27	campamento de teatro en inglés, 1.0, 12326193	3		16	1
101	2024-06-09 20:26:07.963341+02	26	adrián de alfonso, 7.0, 12350210	3		16	1
102	2024-06-09 20:26:07.964376+02	25	14.4, 20.0, 12086620	3		16	1
103	2024-06-17 21:56:36.123388+02	5	5 - gabriel -gabrielramos+22@centroculturalsalmantino.com	2	[{"changed": {"fields": ["Email confirmed"]}}]	17	1
104	2024-06-21 01:35:31.731018+02	72	«selección de cortometrajes de don hertzfeldt» + «me», 3.0, 12381305	3		16	1
105	2024-06-21 01:35:31.75977+02	71	world of tomorrow (i, ii &amp; iii), 3.0, 12171539	3		16	1
106	2024-06-21 01:35:31.762552+02	70	viaje a nunca jamás con peter pan, piratas, hadas, y niños perdidos, 30.0, 12319306	3		16	1
107	2024-06-21 01:35:31.764592+02	69	sexpiertos, 18.0, 12327903	3		16	1
108	2024-06-21 01:35:31.766577+02	68	sergio dalma, 1.0, 12200768	3		16	1
109	2024-06-21 01:35:31.768599+02	67	poliana lima: the common  ground, 14.0, 12378401	3		16	1
110	2024-06-21 01:35:31.770865+02	66	persépolis. iannis xenakis, 7.0, 12355574	3		16	1
111	2024-06-21 01:35:31.772642+02	65	othelo (termina mal), 18.0, 12041991	3		16	1
112	2024-06-21 01:35:31.774177+02	64	marceline, 10.0, 12042066	3		16	1
113	2024-06-21 01:35:31.775225+02	63	maratón de escritura, 25.0, 12329251	3		16	1
114	2024-06-21 01:35:31.777222+02	62	los amigos de ellos dos, 20.0, 12042056	3		16	1
115	2024-06-21 01:35:31.77897+02	61	la guerra civil en la literatura, 72.0, 12326982	3		16	1
116	2024-06-21 01:35:31.780454+02	60	kany garcía, 80.0, 12059206	3		16	1
117	2024-06-21 01:35:31.782964+02	59	jugar el circo 2024. viaje, 5.0, 12354925	3		16	1
119	2024-06-21 01:35:31.787926+02	57	guardianes del corazón de la tierra, 20.0, 12042072	3		16	1
120	2024-06-21 01:35:31.788942+02	56	festen, 20.0, 12042063	3		16	1
121	2024-06-21 01:35:31.791398+02	55	entre flores y cuentos: jardineras y jardineros en movimiento, 30.0, 12319811	3		16	1
122	2024-06-21 01:35:31.793742+02	54	el fin, 6.0, 12041987	3		16	1
123	2024-06-21 01:35:31.794753+02	53	decir si o no, 8.0, 12095354	3		16	1
124	2024-06-21 01:35:31.796059+02	52	campamento del price 2024, 120.0, 12358457	3		16	1
125	2024-06-21 01:35:31.79909+02	51	campamento de teatro en inglés, 1.0, 12326193	3		16	1
126	2024-06-21 01:35:31.800077+02	50	adrián de alfonso, 7.0, 12350210	3		16	1
127	2024-06-21 01:35:31.802092+02	49	14.4, 20.0, 12086620	3		16	1
128	2024-06-21 02:00:33.904367+02	46	46, 2024-06-20 23:30:19.823402+00:00, 20.0, 24 - gabriel -gabrielramos+333@centroculturalsalmantino.com, CANCELADO	3		20	1
129	2024-06-21 10:29:04.521557+02	84	14.4, 20.0, 12086620	3		16	1
130	2024-06-21 10:40:43.352321+02	194	Danza/Baile, https://datos.madrid.es/egob/kos/actividades/DanzaBaile, Entre flores y cuentos: jardineras y jardineros en movimiento, 30.0, 12319811	3		12	1
131	2024-06-21 10:40:43.365989+02	183	Danza/Baile, https://datos.madrid.es/egob/kos/actividades/DanzaBaile, Entre flores y cuentos: jardineras y jardineros en movimiento, 30.0, 12319811	3		12	1
132	2024-06-21 10:40:43.366991+02	172	Danza/Baile, https://datos.madrid.es/egob/kos/actividades/DanzaBaile, Entre flores y cuentos: jardineras y jardineros en movimiento, 30.0, 12319811	3		12	1
133	2024-06-21 10:40:43.367995+02	161	Danza/Baile, https://datos.madrid.es/egob/kos/actividades/DanzaBaile, Entre flores y cuentos: jardineras y jardineros en movimiento, 30.0, 12319811	3		12	1
134	2024-06-21 10:40:43.368993+02	150	Danza/Baile, https://datos.madrid.es/egob/kos/actividades/DanzaBaile, Entre flores y cuentos: jardineras y jardineros en movimiento, 30.0, 12319811	3		12	1
135	2024-06-21 10:40:43.368993+02	139	Danza/Baile, https://datos.madrid.es/egob/kos/actividades/DanzaBaile, Entre flores y cuentos: jardineras y jardineros en movimiento, 30.0, 12319811	3		12	1
136	2024-06-21 10:40:43.370991+02	128	Danza/Baile, https://datos.madrid.es/egob/kos/actividades/DanzaBaile, Entre flores y cuentos: jardineras y jardineros en movimiento, 30.0, 12319811	3		12	1
137	2024-06-21 10:40:43.371989+02	117	Danza/Baile, https://datos.madrid.es/egob/kos/actividades/DanzaBaile, Entre flores y cuentos: jardineras y jardineros en movimiento, 30.0, 12319811	3		12	1
138	2024-06-21 10:40:43.37299+02	106	Danza/Baile, https://datos.madrid.es/egob/kos/actividades/DanzaBaile, Entre flores y cuentos: jardineras y jardineros en movimiento, 30.0, 12319811	3		12	1
139	2024-06-21 10:40:43.374512+02	200	Musica, https://datos.madrid.es/egob/kos/actividades/Musica, Sergio Dalma, 1.0, 12200768	3		12	1
140	2024-06-21 10:40:43.376548+02	189	Musica, https://datos.madrid.es/egob/kos/actividades/Musica, Sergio Dalma, 1.0, 12200768	3		12	1
141	2024-06-21 10:40:43.377549+02	178	Musica, https://datos.madrid.es/egob/kos/actividades/Musica, Sergio Dalma, 1.0, 12200768	3		12	1
142	2024-06-21 10:40:43.378548+02	167	Musica, https://datos.madrid.es/egob/kos/actividades/Musica, Sergio Dalma, 1.0, 12200768	3		12	1
143	2024-06-21 10:40:43.379547+02	156	Musica, https://datos.madrid.es/egob/kos/actividades/Musica, Sergio Dalma, 1.0, 12200768	3		12	1
144	2024-06-21 10:40:43.379547+02	145	Musica, https://datos.madrid.es/egob/kos/actividades/Musica, Sergio Dalma, 1.0, 12200768	3		12	1
145	2024-06-21 10:40:43.380548+02	134	Musica, https://datos.madrid.es/egob/kos/actividades/Musica, Sergio Dalma, 1.0, 12200768	3		12	1
146	2024-06-21 10:40:43.381549+02	123	Musica, https://datos.madrid.es/egob/kos/actividades/Musica, Sergio Dalma, 1.0, 12200768	3		12	1
147	2024-06-21 10:40:43.382548+02	112	Musica, https://datos.madrid.es/egob/kos/actividades/Musica, Sergio Dalma, 1.0, 12200768	3		12	1
148	2024-06-21 10:43:31.215191+02	180	Programacion/Destacada/Agenda/Cultura, https://datos.madrid.es/egob/kos/actividades/ProgramacionDestacadaAgendaCultura, Campamento de teatro en inglés, 1.0, 12326193	3		12	1
149	2024-06-21 10:43:31.225737+02	169	Programacion/Destacada/Agenda/Cultura, https://datos.madrid.es/egob/kos/actividades/ProgramacionDestacadaAgendaCultura, Campamento de teatro en inglés, 1.0, 12326193	3		12	1
150	2024-06-21 10:43:31.226999+02	158	Programacion/Destacada/Agenda/Cultura, https://datos.madrid.es/egob/kos/actividades/ProgramacionDestacadaAgendaCultura, Campamento de teatro en inglés, 1.0, 12326193	3		12	1
151	2024-06-21 10:43:31.229037+02	147	Programacion/Destacada/Agenda/Cultura, https://datos.madrid.es/egob/kos/actividades/ProgramacionDestacadaAgendaCultura, Campamento de teatro en inglés, 1.0, 12326193	3		12	1
152	2024-06-21 10:43:31.230067+02	136	Programacion/Destacada/Agenda/Cultura, https://datos.madrid.es/egob/kos/actividades/ProgramacionDestacadaAgendaCultura, Campamento de teatro en inglés, 1.0, 12326193	3		12	1
153	2024-06-21 10:43:31.231233+02	125	Programacion/Destacada/Agenda/Cultura, https://datos.madrid.es/egob/kos/actividades/ProgramacionDestacadaAgendaCultura, Campamento de teatro en inglés, 1.0, 12326193	3		12	1
154	2024-06-21 10:43:31.232603+02	114	Programacion/Destacada/Agenda/Cultura, https://datos.madrid.es/egob/kos/actividades/ProgramacionDestacadaAgendaCultura, Campamento de teatro en inglés, 1.0, 12326193	3		12	1
155	2024-06-21 10:43:31.233698+02	103	Programacion/Destacada/Agenda/Cultura, https://datos.madrid.es/egob/kos/actividades/ProgramacionDestacadaAgendaCultura, Campamento de teatro en inglés, 1.0, 12326193	3		12	1
156	2024-06-21 10:43:31.235162+02	192	Programacion/Destacada/Agenda/Cultura, https://datos.madrid.es/egob/kos/actividades/ProgramacionDestacadaAgendaCultura, Campamento del Price 2024, 120.0, 12358457	3		12	1
157	2024-06-21 10:43:31.236175+02	181	Programacion/Destacada/Agenda/Cultura, https://datos.madrid.es/egob/kos/actividades/ProgramacionDestacadaAgendaCultura, Campamento del Price 2024, 120.0, 12358457	3		12	1
158	2024-06-21 10:43:31.237423+02	170	Programacion/Destacada/Agenda/Cultura, https://datos.madrid.es/egob/kos/actividades/ProgramacionDestacadaAgendaCultura, Campamento del Price 2024, 120.0, 12358457	3		12	1
159	2024-06-21 10:43:31.238514+02	159	Programacion/Destacada/Agenda/Cultura, https://datos.madrid.es/egob/kos/actividades/ProgramacionDestacadaAgendaCultura, Campamento del Price 2024, 120.0, 12358457	3		12	1
160	2024-06-21 10:43:31.239547+02	148	Programacion/Destacada/Agenda/Cultura, https://datos.madrid.es/egob/kos/actividades/ProgramacionDestacadaAgendaCultura, Campamento del Price 2024, 120.0, 12358457	3		12	1
161	2024-06-21 10:43:31.24205+02	137	Programacion/Destacada/Agenda/Cultura, https://datos.madrid.es/egob/kos/actividades/ProgramacionDestacadaAgendaCultura, Campamento del Price 2024, 120.0, 12358457	3		12	1
162	2024-06-21 10:43:31.243357+02	126	Programacion/Destacada/Agenda/Cultura, https://datos.madrid.es/egob/kos/actividades/ProgramacionDestacadaAgendaCultura, Campamento del Price 2024, 120.0, 12358457	3		12	1
163	2024-06-21 10:43:31.244875+02	115	Programacion/Destacada/Agenda/Cultura, https://datos.madrid.es/egob/kos/actividades/ProgramacionDestacadaAgendaCultura, Campamento del Price 2024, 120.0, 12358457	3		12	1
164	2024-06-21 10:43:31.247456+02	104	Programacion/Destacada/Agenda/Cultura, https://datos.madrid.es/egob/kos/actividades/ProgramacionDestacadaAgendaCultura, Campamento del Price 2024, 120.0, 12358457	3		12	1
165	2024-06-21 10:43:31.248455+02	193	Teatro/Performance, https://datos.madrid.es/egob/kos/actividades/TeatroPerformance, El fin, 6.0, 12041987	3		12	1
166	2024-06-21 10:43:31.249455+02	182	Teatro/Performance, https://datos.madrid.es/egob/kos/actividades/TeatroPerformance, El fin, 6.0, 12041987	3		12	1
167	2024-06-21 10:43:31.250441+02	171	Teatro/Performance, https://datos.madrid.es/egob/kos/actividades/TeatroPerformance, El fin, 6.0, 12041987	3		12	1
168	2024-06-21 10:43:31.251455+02	160	Teatro/Performance, https://datos.madrid.es/egob/kos/actividades/TeatroPerformance, El fin, 6.0, 12041987	3		12	1
169	2024-06-21 10:43:31.251455+02	149	Teatro/Performance, https://datos.madrid.es/egob/kos/actividades/TeatroPerformance, El fin, 6.0, 12041987	3		12	1
170	2024-06-21 10:43:31.252459+02	138	Teatro/Performance, https://datos.madrid.es/egob/kos/actividades/TeatroPerformance, El fin, 6.0, 12041987	3		12	1
171	2024-06-21 10:43:31.253458+02	127	Teatro/Performance, https://datos.madrid.es/egob/kos/actividades/TeatroPerformance, El fin, 6.0, 12041987	3		12	1
172	2024-06-21 10:43:31.254457+02	116	Teatro/Performance, https://datos.madrid.es/egob/kos/actividades/TeatroPerformance, El fin, 6.0, 12041987	3		12	1
173	2024-06-21 10:43:31.256462+02	105	Teatro/Performance, https://datos.madrid.es/egob/kos/actividades/TeatroPerformance, El fin, 6.0, 12041987	3		12	1
174	2024-06-21 10:43:31.258455+02	195	Teatro/Performance, https://datos.madrid.es/egob/kos/actividades/TeatroPerformance, Guardianes del corazón de la tierra, 20.0, 12042072	3		12	1
175	2024-06-21 10:43:31.259436+02	184	Teatro/Performance, https://datos.madrid.es/egob/kos/actividades/TeatroPerformance, Guardianes del corazón de la tierra, 20.0, 12042072	3		12	1
176	2024-06-21 10:43:31.259436+02	173	Teatro/Performance, https://datos.madrid.es/egob/kos/actividades/TeatroPerformance, Guardianes del corazón de la tierra, 20.0, 12042072	3		12	1
177	2024-06-21 10:43:31.260459+02	162	Teatro/Performance, https://datos.madrid.es/egob/kos/actividades/TeatroPerformance, Guardianes del corazón de la tierra, 20.0, 12042072	3		12	1
178	2024-06-21 10:43:31.261455+02	151	Teatro/Performance, https://datos.madrid.es/egob/kos/actividades/TeatroPerformance, Guardianes del corazón de la tierra, 20.0, 12042072	3		12	1
179	2024-06-21 10:43:31.262459+02	140	Teatro/Performance, https://datos.madrid.es/egob/kos/actividades/TeatroPerformance, Guardianes del corazón de la tierra, 20.0, 12042072	3		12	1
180	2024-06-21 10:43:31.263463+02	129	Teatro/Performance, https://datos.madrid.es/egob/kos/actividades/TeatroPerformance, Guardianes del corazón de la tierra, 20.0, 12042072	3		12	1
181	2024-06-21 10:43:31.264457+02	118	Teatro/Performance, https://datos.madrid.es/egob/kos/actividades/TeatroPerformance, Guardianes del corazón de la tierra, 20.0, 12042072	3		12	1
182	2024-06-21 10:43:31.264457+02	107	Teatro/Performance, https://datos.madrid.es/egob/kos/actividades/TeatroPerformance, Guardianes del corazón de la tierra, 20.0, 12042072	3		12	1
183	2024-06-21 10:43:31.265458+02	196	Programacion/Destacada/Agenda/Cultura, https://datos.madrid.es/egob/kos/actividades/ProgramacionDestacadaAgendaCultura, Kany García, 80.0, 12059206	3		12	1
184	2024-06-21 10:43:31.266458+02	185	Programacion/Destacada/Agenda/Cultura, https://datos.madrid.es/egob/kos/actividades/ProgramacionDestacadaAgendaCultura, Kany García, 80.0, 12059206	3		12	1
185	2024-06-21 10:43:31.26744+02	174	Programacion/Destacada/Agenda/Cultura, https://datos.madrid.es/egob/kos/actividades/ProgramacionDestacadaAgendaCultura, Kany García, 80.0, 12059206	3		12	1
186	2024-06-21 10:43:31.268453+02	163	Programacion/Destacada/Agenda/Cultura, https://datos.madrid.es/egob/kos/actividades/ProgramacionDestacadaAgendaCultura, Kany García, 80.0, 12059206	3		12	1
187	2024-06-21 10:43:31.269458+02	152	Programacion/Destacada/Agenda/Cultura, https://datos.madrid.es/egob/kos/actividades/ProgramacionDestacadaAgendaCultura, Kany García, 80.0, 12059206	3		12	1
188	2024-06-21 10:43:31.269458+02	141	Programacion/Destacada/Agenda/Cultura, https://datos.madrid.es/egob/kos/actividades/ProgramacionDestacadaAgendaCultura, Kany García, 80.0, 12059206	3		12	1
189	2024-06-21 10:43:31.270455+02	130	Programacion/Destacada/Agenda/Cultura, https://datos.madrid.es/egob/kos/actividades/ProgramacionDestacadaAgendaCultura, Kany García, 80.0, 12059206	3		12	1
190	2024-06-21 10:43:31.271521+02	119	Programacion/Destacada/Agenda/Cultura, https://datos.madrid.es/egob/kos/actividades/ProgramacionDestacadaAgendaCultura, Kany García, 80.0, 12059206	3		12	1
191	2024-06-21 10:43:31.272554+02	108	Programacion/Destacada/Agenda/Cultura, https://datos.madrid.es/egob/kos/actividades/ProgramacionDestacadaAgendaCultura, Kany García, 80.0, 12059206	3		12	1
192	2024-06-21 10:43:31.273553+02	197	Teatro/Performance, https://datos.madrid.es/egob/kos/actividades/TeatroPerformance, Othelo (termina mal), 18.0, 12041991	3		12	1
193	2024-06-21 10:43:31.275536+02	186	Teatro/Performance, https://datos.madrid.es/egob/kos/actividades/TeatroPerformance, Othelo (termina mal), 18.0, 12041991	3		12	1
194	2024-06-21 10:43:31.276561+02	175	Teatro/Performance, https://datos.madrid.es/egob/kos/actividades/TeatroPerformance, Othelo (termina mal), 18.0, 12041991	3		12	1
195	2024-06-21 10:43:31.277549+02	164	Teatro/Performance, https://datos.madrid.es/egob/kos/actividades/TeatroPerformance, Othelo (termina mal), 18.0, 12041991	3		12	1
196	2024-06-21 10:43:31.277549+02	153	Teatro/Performance, https://datos.madrid.es/egob/kos/actividades/TeatroPerformance, Othelo (termina mal), 18.0, 12041991	3		12	1
197	2024-06-21 10:43:31.278556+02	142	Teatro/Performance, https://datos.madrid.es/egob/kos/actividades/TeatroPerformance, Othelo (termina mal), 18.0, 12041991	3		12	1
198	2024-06-21 10:43:31.279558+02	131	Teatro/Performance, https://datos.madrid.es/egob/kos/actividades/TeatroPerformance, Othelo (termina mal), 18.0, 12041991	3		12	1
199	2024-06-21 10:43:31.280556+02	120	Teatro/Performance, https://datos.madrid.es/egob/kos/actividades/TeatroPerformance, Othelo (termina mal), 18.0, 12041991	3		12	1
200	2024-06-21 10:43:31.281553+02	109	Teatro/Performance, https://datos.madrid.es/egob/kos/actividades/TeatroPerformance, Othelo (termina mal), 18.0, 12041991	3		12	1
201	2024-06-21 10:43:31.281553+02	198	Programacion/Destacada/Agenda/Cultura, https://datos.madrid.es/egob/kos/actividades/ProgramacionDestacadaAgendaCultura, PASTORA SOLER, 70.0, 12396494	3		12	1
202	2024-06-21 10:43:31.282556+02	187	Programacion/Destacada/Agenda/Cultura, https://datos.madrid.es/egob/kos/actividades/ProgramacionDestacadaAgendaCultura, PASTORA SOLER, 70.0, 12396494	3		12	1
203	2024-06-21 10:43:31.284553+02	176	Programacion/Destacada/Agenda/Cultura, https://datos.madrid.es/egob/kos/actividades/ProgramacionDestacadaAgendaCultura, PASTORA SOLER, 70.0, 12396494	3		12	1
204	2024-06-21 10:43:31.285557+02	165	Programacion/Destacada/Agenda/Cultura, https://datos.madrid.es/egob/kos/actividades/ProgramacionDestacadaAgendaCultura, PASTORA SOLER, 70.0, 12396494	3		12	1
205	2024-06-21 10:43:31.286557+02	154	Programacion/Destacada/Agenda/Cultura, https://datos.madrid.es/egob/kos/actividades/ProgramacionDestacadaAgendaCultura, PASTORA SOLER, 70.0, 12396494	3		12	1
206	2024-06-21 10:43:31.286557+02	143	Programacion/Destacada/Agenda/Cultura, https://datos.madrid.es/egob/kos/actividades/ProgramacionDestacadaAgendaCultura, PASTORA SOLER, 70.0, 12396494	3		12	1
207	2024-06-21 10:43:31.287557+02	132	Programacion/Destacada/Agenda/Cultura, https://datos.madrid.es/egob/kos/actividades/ProgramacionDestacadaAgendaCultura, PASTORA SOLER, 70.0, 12396494	3		12	1
208	2024-06-21 10:43:31.288557+02	121	Programacion/Destacada/Agenda/Cultura, https://datos.madrid.es/egob/kos/actividades/ProgramacionDestacadaAgendaCultura, PASTORA SOLER, 70.0, 12396494	3		12	1
209	2024-06-21 10:43:31.289549+02	110	Programacion/Destacada/Agenda/Cultura, https://datos.madrid.es/egob/kos/actividades/ProgramacionDestacadaAgendaCultura, PASTORA SOLER, 70.0, 12396494	3		12	1
210	2024-06-21 10:43:31.290948+02	199	Programacion/Destacada/Agenda/Cultura, https://datos.madrid.es/egob/kos/actividades/ProgramacionDestacadaAgendaCultura, Persépolis. Iannis Xenakis, 7.0, 12355574	3		12	1
211	2024-06-21 10:43:31.292004+02	188	Programacion/Destacada/Agenda/Cultura, https://datos.madrid.es/egob/kos/actividades/ProgramacionDestacadaAgendaCultura, Persépolis. Iannis Xenakis, 7.0, 12355574	3		12	1
212	2024-06-21 10:43:31.292919+02	177	Programacion/Destacada/Agenda/Cultura, https://datos.madrid.es/egob/kos/actividades/ProgramacionDestacadaAgendaCultura, Persépolis. Iannis Xenakis, 7.0, 12355574	3		12	1
213	2024-06-21 10:43:31.293943+02	166	Programacion/Destacada/Agenda/Cultura, https://datos.madrid.es/egob/kos/actividades/ProgramacionDestacadaAgendaCultura, Persépolis. Iannis Xenakis, 7.0, 12355574	3		12	1
214	2024-06-21 10:43:31.294951+02	155	Programacion/Destacada/Agenda/Cultura, https://datos.madrid.es/egob/kos/actividades/ProgramacionDestacadaAgendaCultura, Persépolis. Iannis Xenakis, 7.0, 12355574	3		12	1
215	2024-06-21 10:43:31.295928+02	144	Programacion/Destacada/Agenda/Cultura, https://datos.madrid.es/egob/kos/actividades/ProgramacionDestacadaAgendaCultura, Persépolis. Iannis Xenakis, 7.0, 12355574	3		12	1
216	2024-06-21 10:43:31.295928+02	133	Programacion/Destacada/Agenda/Cultura, https://datos.madrid.es/egob/kos/actividades/ProgramacionDestacadaAgendaCultura, Persépolis. Iannis Xenakis, 7.0, 12355574	3		12	1
217	2024-06-21 10:43:31.297813+02	122	Programacion/Destacada/Agenda/Cultura, https://datos.madrid.es/egob/kos/actividades/ProgramacionDestacadaAgendaCultura, Persépolis. Iannis Xenakis, 7.0, 12355574	3		12	1
218	2024-06-21 10:43:31.297813+02	111	Programacion/Destacada/Agenda/Cultura, https://datos.madrid.es/egob/kos/actividades/ProgramacionDestacadaAgendaCultura, Persépolis. Iannis Xenakis, 7.0, 12355574	3		12	1
219	2024-06-21 10:43:31.299097+02	190	Teatro/Performance, https://datos.madrid.es/egob/kos/actividades/TeatroPerformance, 14.4, 20.0, 12086620	3		12	1
220	2024-06-21 10:43:31.300116+02	179	Teatro/Performance, https://datos.madrid.es/egob/kos/actividades/TeatroPerformance, 14.4, 20.0, 12086620	3		12	1
221	2024-06-21 10:43:31.300116+02	168	Teatro/Performance, https://datos.madrid.es/egob/kos/actividades/TeatroPerformance, 14.4, 20.0, 12086620	3		12	1
222	2024-06-21 10:43:31.301549+02	157	Teatro/Performance, https://datos.madrid.es/egob/kos/actividades/TeatroPerformance, 14.4, 20.0, 12086620	3		12	1
223	2024-06-21 10:43:31.302558+02	146	Teatro/Performance, https://datos.madrid.es/egob/kos/actividades/TeatroPerformance, 14.4, 20.0, 12086620	3		12	1
224	2024-06-21 10:45:05.736682+02	135	Teatro/Performance, https://datos.madrid.es/egob/kos/actividades/TeatroPerformance, 14.4, 20.0, 12086620	3		12	1
225	2024-06-21 10:49:00.814793+02	201	Teatro/Performance, https://datos.madrid.es/egob/kos/actividades/TeatroPerformance, 14.4, 20.0, 12086620	3		12	1
226	2024-06-21 10:50:17.30756+02	202	Teatro/Performance, https://datos.madrid.es/egob/kos/actividades/TeatroPerformance, 14.4, 20.0, 12086620	3		12	1
227	2024-06-21 10:51:09.556578+02	203	Teatro/Performance, https://datos.madrid.es/egob/kos/actividades/TeatroPerformance, 14.4, 20.0, 12086620	3		12	1
228	2024-06-21 10:56:15.284704+02	204	Teatro/Performance, https://datos.madrid.es/egob/kos/actividades/TeatroPerformance, 14.4, 20.0, 12086620	3		12	1
229	2024-06-21 10:57:25.707488+02	205	Teatro/Performance, https://datos.madrid.es/egob/kos/actividades/TeatroPerformance, 14.4, 20.0, 12086620	3		12	1
230	2024-06-21 10:59:06.591779+02	206	Teatro/Performance, https://datos.madrid.es/egob/kos/actividades/TeatroPerformance, 14.4, 20.0, 12086620	3		12	1
231	2024-06-21 11:00:33.91753+02	207	Teatro/Performance, https://datos.madrid.es/egob/kos/actividades/TeatroPerformance, 14.4, 20.0, 12086620	3		12	1
232	2024-06-21 11:01:09.755547+02	208	Teatro/Performance, https://datos.madrid.es/egob/kos/actividades/TeatroPerformance, 14.4, 20.0, 12086620	3		12	1
\.


--
-- Data for Name: django_content_type; Type: TABLE DATA; Schema: public; Owner: postgres
--

COPY public.django_content_type (id, app_label, model) FROM stdin;
1	admin	logentry
2	auth	permission
3	auth	group
4	contenttypes	contenttype
5	sessions	session
6	sites	site
7	account	emailaddress
8	account	emailconfirmation
9	socialaccount	socialaccount
10	socialaccount	socialapp
11	socialaccount	socialtoken
12	appIberiaExplorer	atributoplan
13	appIberiaExplorer	ciudad
14	appIberiaExplorer	continente
15	appIberiaExplorer	pais
16	appIberiaExplorer	plan
17	appLoginRegistro	usuario
18	appCarritoPedido	carrito
19	appCarritoPedido	carritodetalle
20	appCarritoPedido	pedido
21	appCarritoPedido	pedidodetalle
22	appNotificaciones	notificacion
23	appAjustes	usuariopreferencia
\.


--
-- Data for Name: django_migrations; Type: TABLE DATA; Schema: public; Owner: postgres
--

COPY public.django_migrations (id, app, name, applied) FROM stdin;
1	contenttypes	0001_initial	2024-06-08 18:28:29.263857+02
2	contenttypes	0002_remove_content_type_name	2024-06-08 18:28:29.274018+02
3	auth	0001_initial	2024-06-08 18:28:29.328394+02
4	auth	0002_alter_permission_name_max_length	2024-06-08 18:28:29.332894+02
5	auth	0003_alter_user_email_max_length	2024-06-08 18:28:29.337588+02
6	auth	0004_alter_user_username_opts	2024-06-08 18:28:29.34272+02
7	auth	0005_alter_user_last_login_null	2024-06-08 18:28:29.346187+02
8	auth	0006_require_contenttypes_0002	2024-06-08 18:28:29.348419+02
9	auth	0007_alter_validators_add_error_messages	2024-06-08 18:28:29.354258+02
10	auth	0008_alter_user_username_max_length	2024-06-08 18:28:29.358274+02
11	auth	0009_alter_user_last_name_max_length	2024-06-08 18:28:29.362626+02
12	auth	0010_alter_group_name_max_length	2024-06-08 18:28:29.371764+02
13	auth	0011_update_proxy_permissions	2024-06-08 18:28:29.377983+02
14	auth	0012_alter_user_first_name_max_length	2024-06-08 18:28:29.383985+02
15	appIberiaExplorer	0001_initial	2024-06-08 18:28:29.465115+02
16	appLoginRegistro	0001_initial	2024-06-08 18:28:29.530929+02
17	account	0001_initial	2024-06-08 18:28:29.579984+02
18	account	0002_email_max_length	2024-06-08 18:28:29.590342+02
19	account	0003_alter_emailaddress_create_unique_verified_email	2024-06-08 18:28:29.610342+02
20	account	0004_alter_emailaddress_drop_unique_email	2024-06-08 18:28:29.631948+02
21	account	0005_emailaddress_idx_upper_email	2024-06-08 18:28:29.646133+02
22	account	0006_emailaddress_lower	2024-06-08 18:28:29.662905+02
23	account	0007_emailaddress_idx_email	2024-06-08 18:28:29.680511+02
24	account	0008_emailaddress_unique_primary_email_fixup	2024-06-08 18:28:29.697548+02
25	account	0009_emailaddress_unique_primary_email	2024-06-08 18:28:29.707553+02
26	admin	0001_initial	2024-06-08 18:28:29.735857+02
27	admin	0002_logentry_remove_auto_add	2024-06-08 18:28:29.742858+02
28	admin	0003_logentry_add_action_flag_choices	2024-06-08 18:28:29.751368+02
29	appIberiaExplorer	0002_initial	2024-06-08 18:28:30.030347+02
30	appIberiaExplorer	0003_carrito_carritodetalle_pedido_pedidodetalle_and_more	2024-06-08 18:28:30.133025+02
31	appIberiaExplorer	0004_remove_plan_id_proveedor_remove_plan_id_tipo_plan	2024-06-08 18:28:30.168663+02
32	appIberiaExplorer	0005_alter_carrito_options	2024-06-08 18:28:30.179227+02
33	appIberiaExplorer	0006_alter_pedido_fecha_reserva	2024-06-08 18:28:30.190221+02
34	appIberiaExplorer	0007_remove_carritodetalle_id_carrito_and_more	2024-06-08 18:28:30.27807+02
35	appIberiaExplorer	0008_remove_tipoplan_id_proveedor_and_more	2024-06-08 18:28:30.405512+02
36	appIberiaExplorer	0009_remove_plan_id_tipo_plan_and_more	2024-06-08 18:28:30.435168+02
37	appIberiaExplorer	0010_plan_id_plan_api	2024-06-08 18:28:30.444288+02
38	appIberiaExplorer	0011_delete_notificacion	2024-06-08 18:28:30.44764+02
39	appIberiaExplorer	0012_remove_favorito_id_plan_remove_favorito_id_usuario_and_more	2024-06-08 18:28:30.485227+02
40	appIberiaExplorer	0013_remove_comentario_id_plan_and_more	2024-06-08 18:28:30.6128+02
41	appAjustes	0001_initial	2024-06-08 18:28:30.639053+02
42	appCarritoPedido	0001_initial	2024-06-08 18:28:30.722425+02
43	appCarritoPedido	0002_carritodetalle_coste_total	2024-06-08 18:28:30.783908+02
44	appCarritoPedido	0003_remove_carritodetalle_coste_total_pedido_estado	2024-06-08 18:28:30.796653+02
45	appLoginRegistro	0002_alter_usuario_fecha_baja_alter_usuario_id_ciudad	2024-06-08 18:28:30.813476+02
46	appLoginRegistro	0003_usuario_foto_perfil	2024-06-08 18:28:30.826331+02
47	appLoginRegistro	0004_alter_usuario_foto_perfil	2024-06-08 18:28:30.835804+02
48	appLoginRegistro	0005_remove_usuario_id_plan	2024-06-08 18:28:30.851252+02
49	appLoginRegistro	0006_alter_usuario_apellido_1_alter_usuario_apellido_2_and_more	2024-06-08 18:28:30.882746+02
50	appNotificaciones	0001_initial	2024-06-08 18:28:30.909709+02
51	sessions	0001_initial	2024-06-08 18:28:30.924905+02
52	sites	0001_initial	2024-06-08 18:28:30.93052+02
53	sites	0002_alter_domain_unique	2024-06-08 18:28:30.940093+02
54	socialaccount	0001_initial	2024-06-08 18:28:31.03769+02
55	socialaccount	0002_token_max_lengths	2024-06-08 18:28:31.060825+02
56	socialaccount	0003_extra_data_default_dict	2024-06-08 18:28:31.070088+02
57	socialaccount	0004_app_provider_id_settings	2024-06-08 18:28:31.089285+02
58	socialaccount	0005_socialtoken_nullable_app	2024-06-08 18:28:31.110707+02
59	socialaccount	0006_alter_socialaccount_extra_data	2024-06-08 18:28:31.137881+02
60	appIberiaExplorer	0014_alter_atributoplan_nombre	2024-06-08 22:49:00.866308+02
61	appIberiaExplorer	0015_atributoplan_url_alter_atributoplan_nombre	2024-06-09 20:20:00.083435+02
\.


--
-- Data for Name: django_session; Type: TABLE DATA; Schema: public; Owner: postgres
--

COPY public.django_session (session_key, session_data, expire_date) FROM stdin;
edwy6xc5efyj99p6h4np31sed662onf2	.eJxVjDsOwjAUBO_iGll5_sQJJT1nsPbFNg4gW4qTCnF3iJQC2p2ZfQmPbc1-a3HxcxBnQeL0uzGmRyw7CHeUW5VTLesys9wVedAmrzXE5-Vw_w4yWv7WHFWXHNGQXFI8kjF6hLFsKSoL8ADWCa6Hg4qwRjv0qqMUQFYBEO8P5js4Og:1sGGUg:RT2QQdMW0MZVf6c_2wK3-hQfq0iHiRuBsDSka_PQd50	2024-06-23 13:13:50.374843+02
21izrrcmpuwgh2ah4bxbz1lgb1x1np7y	.eJxVjDsOwjAUBO_iGll5_sQJJT1nsPbFNg4gW4qTCnF3iJQC2p2ZfQmPbc1-a3HxcxBnQeL0uzGmRyw7CHeUW5VTLesys9wVedAmrzXE5-Vw_w4yWv7WHFWXHNGQXFI8kjF6hLFsKSoL8ADWCa6Hg4qwRjv0qqMUQFYBEO8P5js4Og:1sIZpM:8ieLzKZqZ0o10zURIKuOk8DNcWLb5tRWBhqNyzfXwFg	2024-06-29 22:16:44.69298+02
tbgiu5vaeg6qo59q3abv5yby5zfmuv82	.eJxVjDsOwjAUBO_iGll5_sQJJT1nsPbFNg4gW4qTCnF3iJQC2p2ZfQmPbc1-a3HxcxBnQeL0uzGmRyw7CHeUW5VTLesys9wVedAmrzXE5-Vw_w4yWv7WHFWXHNGQXFI8kjF6hLFsKSoL8ADWCa6Hg4qwRjv0qqMUQFYBEO8P5js4Og:1sHowf:2kB8lHCQ7KZlQ_XEfYAs3UTtOXVbcY1ijuLy3hSA_Ro	2024-06-27 20:13:09.112328+02
t4l191oxn7a9k2nyoiafhsknzg0u642m	.eJxVjDsOwjAUBO_iGll5_sQJJT1nsPbFNg4gW4qTCnF3iJQC2p2ZfQmPbc1-a3HxcxBnQeL0uzGmRyw7CHeUW5VTLesys9wVedAmrzXE5-Vw_w4yWv7WHFWXHNGQXFI8kjF6hLFsKSoL8ADWCa6Hg4qwRjv0qqMUQFYBEO8P5js4Og:1sKT3n:sOpkdcB9XZ887Gu8gfga30iCProrGD_SfvO-5ayP3GU	2024-07-05 03:27:27.328719+02
ywevdkpon2l7pjdmeth43ye5l684r216	.eJxVjDsOwjAUBO_iGll5_sQJJT1nsPbFNg4gW4qTCnF3iJQC2p2ZfQmPbc1-a3HxcxBnQeL0uzGmRyw7CHeUW5VTLesys9wVedAmrzXE5-Vw_w4yWv7WHFWXHNGQXFI8kjF6hLFsKSoL8ADWCa6Hg4qwRjv0qqMUQFYBEO8P5js4Og:1sI8ut:vLdxQ4yqgFW1Vs1ZUmlaa4BLngFXhgBxR-a6P8C72Q8	2024-06-28 17:32:39.512731+02
df5epm6i20dshm2v0lvceriz3w0q2u0p	.eJxVjMsOwiAURP-FraYRC7R1Zdz7Dc3lwm1RHgnQlfHfbU03neXMmfNhNoDz7MYm0NlZnyGkcuL_3NHGmhMuvi4ZfAEfIFYXU4MpsDMbYanzuBSbR2dWxVUdSw34tnFbzAvitN1Wn9PNhjT7WppnMtY_dvYgmKHM61t2wihuySiiCxAnFLon2RmplQS6EiK0IDWSbYkLRYMZuBF9h61udQ_s-wPltU7d:1sKZRM:Q9brIUSpxsy7oWMOkvrDrlcjYTKueAQ05nm_w1WWG14	2024-07-05 10:16:12.009265+02
cyhxk96tez1c2xg8xafgheauy64s1hxo	.eJxVjDsOwjAUBO_iGll5_sQJJT1nsPbFNg4gW4qTCnF3iJQC2p2ZfQmPbc1-a3HxcxBnQeL0uzGmRyw7CHeUW5VTLesys9wVedAmrzXE5-Vw_w4yWv7WHFWXHNGQXFI8kjF6hLFsKSoL8ADWCa6Hg4qwRjv0qqMUQFYBEO8P5js4Og:1sIbPT:0BhFtwaJijCCCL8cUNqkr_OOd3yJNUivyyDkxtLfbhs	2024-06-29 23:58:07.550582+02
foqzumqh0rq9t54eews7c6894w0fl3cz	.eJxVjEEOgyAQRe_Cto3BiiBdNd33DGZmHJQWIQFdNb17NXHj9r__3lfwDD6IuxgBs-eQYU7lorXprOnMgzguOdEaljVDKBBmiIuPqaI0i6voYV2mfi2cez9skVt9HhHow3EnwxviuGtbz2O1X6qDluqVBg7P43sKTFCmzdZSGyQtre40dLIdlKwNobRKuRatbciaRkmWDOSQ4KZap5xDRicbY634_QESu029:1sJdDy:Y1XwA5TMt0fYbV9o2uHs5dQkrqiCdlgcTVo35yCj-t0	2024-07-02 20:06:30.878672+02
awe67g1ewba2fpjtvlplidmdt7og95tw	.eJxVjDsOwjAUBO_iGll5_sQJJT1nsPbFNg4gW4qTCnF3iJQC2p2ZfQmPbc1-a3HxcxBnQeL0uzGmRyw7CHeUW5VTLesys9wVedAmrzXE5-Vw_w4yWv7WHFWXHNGQXFI8kjF6hLFsKSoL8ADWCa6Hg4qwRjv0qqMUQFYBEO8P5js4Og:1sItAi:2MTHqDpzD6_rIPyxLV5DsmdiKv6EK2_BhYkKyWce71o	2024-06-30 18:56:04.357163+02
afzbfj7roqpkoos5zbna5kqtjin0w6r6	.eJxVjDsOwjAUBO_iGll5_sQJJT1nsPbFNg4gW4qTCnF3iJQC2p2ZfQmPbc1-a3HxcxBnQeL0uzGmRyw7CHeUW5VTLesys9wVedAmrzXE5-Vw_w4yWv7WHFWXHNGQXFI8kjF6hLFsKSoL8ADWCa6Hg4qwRjv0qqMUQFYBEO8P5js4Og:1sIv27:w4d88EfGTJ0D93W6UPgjh3FfCtZYC2RuiIJHURS0-pI	2024-06-30 20:55:19.26855+02
5m4z930k2tuwa3rrgjtpvnicf4rudopd	.eJxVjDsOwjAUBO_iGll5_sQJJT1nsPbFNg4gW4qTCnF3iJQC2p2ZfQmPbc1-a3HxcxBnQeL0uzGmRyw7CHeUW5VTLesys9wVedAmrzXE5-Vw_w4yWv7WHFWXHNGQXFI8kjF6hLFsKSoL8ADWCa6Hg4qwRjv0qqMUQFYBEO8P5js4Og:1sKRFo:cogBDTSkFSD8SREMaIqrjjZISny3cLG-8o7mNRoL-y0	2024-07-05 01:31:44.404834+02
c58fzu6x6lmtjdkp101yixjvsy17e05q	.eJxVjDsOwjAUBO_iGll5_sQJJT1nsPbFNg4gW4qTCnF3iJQC2p2ZfQmPbc1-a3HxcxBnQeL0uzGmRyw7CHeUW5VTLesys9wVedAmrzXE5-Vw_w4yWv7WHFWXHNGQXFI8kjF6hLFsKSoL8ADWCa6Hg4qwRjv0qqMUQFYBEO8P5js4Og:1sJGex:H8DGT35NS4gZUGcE0g-S1SPavoLRpwwB2hYFN6gWz2I	2024-07-01 20:00:51.961286+02
ykum30i9vo4cqyyga5w8wwwy6h2p4c4c	.eJxVjDsOwjAUBO_iGll5_sQJJT1nsPbFNg4gW4qTCnF3iJQC2p2ZfQmPbc1-a3HxcxBnQeL0uzGmRyw7CHeUW5VTLesys9wVedAmrzXE5-Vw_w4yWv7WHFWXHNGQXFI8kjF6hLFsKSoL8ADWCa6Hg4qwRjv0qqMUQFYBEO8P5js4Og:1sKRgv:M0qBVNrEVRzJcCXjCIURkyCi8tsgeOhHPOzz2Neydrc	2024-07-05 01:59:45.237141+02
non2ydp522mx8q9axj6b38qrya24ohjn	.eJxVjTluwzAURO_CNoFgc5PkKkifExiGMCI_LcYUGXCpgtw9FODG7cy8N7-MdvjALuyONXsKGXsqb0KID0Ox5mRaqC0jFIQdsfqYBpN29s4WtLotrVBevO08l6_hCvOgeDT2G_F-YN3n1-GYDM-2DF_JUvh8bl8EG8rWaT07Zc3EhYN066hnbUB2dhIgdVJazJMhOlnXc6ndeXKcMOqRj0IJo1yX4vhtNZXlJyCyy_XM5e3vH5iyVVQ:1sKRs9:_KbQxgwDFcNC8epmodn29_JyQd0WWWqaX7B6pOfizVs	2024-07-05 02:11:21.293326+02
\.


--
-- Data for Name: django_site; Type: TABLE DATA; Schema: public; Owner: postgres
--

COPY public.django_site (id, domain, name) FROM stdin;
1	http://127.0.0.1:8000	http://127.0.0.1:8000
\.


--
-- Data for Name: socialaccount_socialaccount; Type: TABLE DATA; Schema: public; Owner: postgres
--

COPY public.socialaccount_socialaccount (id, provider, uid, last_login, date_joined, extra_data, user_id) FROM stdin;
\.


--
-- Data for Name: socialaccount_socialapp; Type: TABLE DATA; Schema: public; Owner: postgres
--

COPY public.socialaccount_socialapp (id, provider, name, client_id, secret, key, provider_id, settings) FROM stdin;
1	google	google	738673292616-jceihjmkf2ibk9b67bbhvapmb13pvqgr.apps.googleusercontent.com	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			{}
\.


--
-- Data for Name: socialaccount_socialapp_sites; Type: TABLE DATA; Schema: public; Owner: postgres
--

COPY public.socialaccount_socialapp_sites (id, socialapp_id, site_id) FROM stdin;
1	1	1
\.


--
-- Data for Name: socialaccount_socialtoken; Type: TABLE DATA; Schema: public; Owner: postgres
--

COPY public.socialaccount_socialtoken (id, token, token_secret, expires_at, account_id, app_id) FROM stdin;
\.


--
-- Name: account_emailaddress_id_seq; Type: SEQUENCE SET; Schema: public; Owner: postgres
--

SELECT pg_catalog.setval('public.account_emailaddress_id_seq', 1, false);


--
-- Name: account_emailconfirmation_id_seq; Type: SEQUENCE SET; Schema: public; Owner: postgres
--

SELECT pg_catalog.setval('public.account_emailconfirmation_id_seq', 1, false);


--
-- Name: appAjustes_usuariopreferencia_id_preferencia_seq; Type: SEQUENCE SET; Schema: public; Owner: postgres
--

SELECT pg_catalog.setval('public."appAjustes_usuariopreferencia_id_preferencia_seq"', 45, true);


--
-- Name: appCarritoPedido_carrito_id_carrito_seq; Type: SEQUENCE SET; Schema: public; Owner: postgres
--

SELECT pg_catalog.setval('public."appCarritoPedido_carrito_id_carrito_seq"', 72, true);


--
-- Name: appCarritoPedido_carritodetalle_id_carrito_detalle_seq; Type: SEQUENCE SET; Schema: public; Owner: postgres
--

SELECT pg_catalog.setval('public."appCarritoPedido_carritodetalle_id_carrito_detalle_seq"', 45, true);


--
-- Name: appCarritoPedido_pedido_id_pedido_seq; Type: SEQUENCE SET; Schema: public; Owner: postgres
--

SELECT pg_catalog.setval('public."appCarritoPedido_pedido_id_pedido_seq"', 50, true);


--
-- Name: appCarritoPedido_pedidodetalle_id_pedido_detalle_seq; Type: SEQUENCE SET; Schema: public; Owner: postgres
--

SELECT pg_catalog.setval('public."appCarritoPedido_pedidodetalle_id_pedido_detalle_seq"', 41, true);


--
-- Name: appIberiaExplorer_atributoplan_id_atributo_plan_seq; Type: SEQUENCE SET; Schema: public; Owner: postgres
--

SELECT pg_catalog.setval('public."appIberiaExplorer_atributoplan_id_atributo_plan_seq"', 209, true);


--
-- Name: appIberiaExplorer_ciudad_id_ciudad_seq; Type: SEQUENCE SET; Schema: public; Owner: postgres
--

SELECT pg_catalog.setval('public."appIberiaExplorer_ciudad_id_ciudad_seq"', 20, true);


--
-- Name: appIberiaExplorer_continente_id_continente_seq; Type: SEQUENCE SET; Schema: public; Owner: postgres
--

SELECT pg_catalog.setval('public."appIberiaExplorer_continente_id_continente_seq"', 5, true);


--
-- Name: appIberiaExplorer_pais_id_pais_seq; Type: SEQUENCE SET; Schema: public; Owner: postgres
--

SELECT pg_catalog.setval('public."appIberiaExplorer_pais_id_pais_seq"', 1, true);


--
-- Name: appIberiaExplorer_plan_id_plan_seq; Type: SEQUENCE SET; Schema: public; Owner: postgres
--

SELECT pg_catalog.setval('public."appIberiaExplorer_plan_id_plan_seq"', 85, true);


--
-- Name: appLoginRegistro_usuario_groups_id_seq; Type: SEQUENCE SET; Schema: public; Owner: postgres
--

SELECT pg_catalog.setval('public."appLoginRegistro_usuario_groups_id_seq"', 1, false);


--
-- Name: appLoginRegistro_usuario_id_usuario_seq; Type: SEQUENCE SET; Schema: public; Owner: postgres
--

SELECT pg_catalog.setval('public."appLoginRegistro_usuario_id_usuario_seq"', 26, true);


--
-- Name: appLoginRegistro_usuario_user_permissions_id_seq; Type: SEQUENCE SET; Schema: public; Owner: postgres
--

SELECT pg_catalog.setval('public."appLoginRegistro_usuario_user_permissions_id_seq"', 1, false);


--
-- Name: appNotificaciones_notificacion_id_seq; Type: SEQUENCE SET; Schema: public; Owner: postgres
--

SELECT pg_catalog.setval('public."appNotificaciones_notificacion_id_seq"', 78, true);


--
-- Name: auth_group_id_seq; Type: SEQUENCE SET; Schema: public; Owner: postgres
--

SELECT pg_catalog.setval('public.auth_group_id_seq', 1, false);


--
-- Name: auth_group_permissions_id_seq; Type: SEQUENCE SET; Schema: public; Owner: postgres
--

SELECT pg_catalog.setval('public.auth_group_permissions_id_seq', 1, false);


--
-- Name: auth_permission_id_seq; Type: SEQUENCE SET; Schema: public; Owner: postgres
--

SELECT pg_catalog.setval('public.auth_permission_id_seq', 92, true);


--
-- Name: django_admin_log_id_seq; Type: SEQUENCE SET; Schema: public; Owner: postgres
--

SELECT pg_catalog.setval('public.django_admin_log_id_seq', 232, true);


--
-- Name: django_content_type_id_seq; Type: SEQUENCE SET; Schema: public; Owner: postgres
--

SELECT pg_catalog.setval('public.django_content_type_id_seq', 23, true);


--
-- Name: django_migrations_id_seq; Type: SEQUENCE SET; Schema: public; Owner: postgres
--

SELECT pg_catalog.setval('public.django_migrations_id_seq', 61, true);


--
-- Name: django_site_id_seq; Type: SEQUENCE SET; Schema: public; Owner: postgres
--

SELECT pg_catalog.setval('public.django_site_id_seq', 1, true);


--
-- Name: socialaccount_socialaccount_id_seq; Type: SEQUENCE SET; Schema: public; Owner: postgres
--

SELECT pg_catalog.setval('public.socialaccount_socialaccount_id_seq', 1, false);


--
-- Name: socialaccount_socialapp_id_seq; Type: SEQUENCE SET; Schema: public; Owner: postgres
--

SELECT pg_catalog.setval('public.socialaccount_socialapp_id_seq', 1, true);


--
-- Name: socialaccount_socialapp_sites_id_seq; Type: SEQUENCE SET; Schema: public; Owner: postgres
--

SELECT pg_catalog.setval('public.socialaccount_socialapp_sites_id_seq', 1, true);


--
-- Name: socialaccount_socialtoken_id_seq; Type: SEQUENCE SET; Schema: public; Owner: postgres
--

SELECT pg_catalog.setval('public.socialaccount_socialtoken_id_seq', 1, false);


--
-- Name: account_emailaddress account_emailaddress_pkey; Type: CONSTRAINT; Schema: public; Owner: postgres
--

ALTER TABLE ONLY public.account_emailaddress
    ADD CONSTRAINT account_emailaddress_pkey PRIMARY KEY (id);


--
-- Name: account_emailaddress account_emailaddress_user_id_email_987c8728_uniq; Type: CONSTRAINT; Schema: public; Owner: postgres
--

ALTER TABLE ONLY public.account_emailaddress
    ADD CONSTRAINT account_emailaddress_user_id_email_987c8728_uniq UNIQUE (user_id, email);


--
-- Name: account_emailconfirmation account_emailconfirmation_key_key; Type: CONSTRAINT; Schema: public; Owner: postgres
--

ALTER TABLE ONLY public.account_emailconfirmation
    ADD CONSTRAINT account_emailconfirmation_key_key UNIQUE (key);


--
-- Name: account_emailconfirmation account_emailconfirmation_pkey; Type: CONSTRAINT; Schema: public; Owner: postgres
--

ALTER TABLE ONLY public.account_emailconfirmation
    ADD CONSTRAINT account_emailconfirmation_pkey PRIMARY KEY (id);


--
-- Name: appAjustes_usuariopreferencia appAjustes_usuariopreferencia_pkey; Type: CONSTRAINT; Schema: public; Owner: postgres
--

ALTER TABLE ONLY public."appAjustes_usuariopreferencia"
    ADD CONSTRAINT "appAjustes_usuariopreferencia_pkey" PRIMARY KEY (id_preferencia);


--
-- Name: appCarritoPedido_carrito appCarritoPedido_carrito_pkey; Type: CONSTRAINT; Schema: public; Owner: postgres
--

ALTER TABLE ONLY public."appCarritoPedido_carrito"
    ADD CONSTRAINT "appCarritoPedido_carrito_pkey" PRIMARY KEY (id_carrito);


--
-- Name: appCarritoPedido_carritodetalle appCarritoPedido_carritodetalle_pkey; Type: CONSTRAINT; Schema: public; Owner: postgres
--

ALTER TABLE ONLY public."appCarritoPedido_carritodetalle"
    ADD CONSTRAINT "appCarritoPedido_carritodetalle_pkey" PRIMARY KEY (id_carrito_detalle);


--
-- Name: appCarritoPedido_pedido appCarritoPedido_pedido_pkey; Type: CONSTRAINT; Schema: public; Owner: postgres
--

ALTER TABLE ONLY public."appCarritoPedido_pedido"
    ADD CONSTRAINT "appCarritoPedido_pedido_pkey" PRIMARY KEY (id_pedido);


--
-- Name: appCarritoPedido_pedidodetalle appCarritoPedido_pedidodetalle_pkey; Type: CONSTRAINT; Schema: public; Owner: postgres
--

ALTER TABLE ONLY public."appCarritoPedido_pedidodetalle"
    ADD CONSTRAINT "appCarritoPedido_pedidodetalle_pkey" PRIMARY KEY (id_pedido_detalle);


--
-- Name: appIberiaExplorer_atributoplan appIberiaExplorer_atributoplan_pkey; Type: CONSTRAINT; Schema: public; Owner: postgres
--

ALTER TABLE ONLY public."appIberiaExplorer_atributoplan"
    ADD CONSTRAINT "appIberiaExplorer_atributoplan_pkey" PRIMARY KEY (id_atributo_plan);


--
-- Name: appIberiaExplorer_ciudad appIberiaExplorer_ciudad_pkey; Type: CONSTRAINT; Schema: public; Owner: postgres
--

ALTER TABLE ONLY public."appIberiaExplorer_ciudad"
    ADD CONSTRAINT "appIberiaExplorer_ciudad_pkey" PRIMARY KEY (id_ciudad);


--
-- Name: appIberiaExplorer_continente appIberiaExplorer_continente_pkey; Type: CONSTRAINT; Schema: public; Owner: postgres
--

ALTER TABLE ONLY public."appIberiaExplorer_continente"
    ADD CONSTRAINT "appIberiaExplorer_continente_pkey" PRIMARY KEY (id_continente);


--
-- Name: appIberiaExplorer_pais appIberiaExplorer_pais_pkey; Type: CONSTRAINT; Schema: public; Owner: postgres
--

ALTER TABLE ONLY public."appIberiaExplorer_pais"
    ADD CONSTRAINT "appIberiaExplorer_pais_pkey" PRIMARY KEY (id_pais);


--
-- Name: appIberiaExplorer_plan appIberiaExplorer_plan_pkey; Type: CONSTRAINT; Schema: public; Owner: postgres
--

ALTER TABLE ONLY public."appIberiaExplorer_plan"
    ADD CONSTRAINT "appIberiaExplorer_plan_pkey" PRIMARY KEY (id_plan);


--
-- Name: appLoginRegistro_usuario appLoginRegistro_usuario_email_key; Type: CONSTRAINT; Schema: public; Owner: postgres
--

ALTER TABLE ONLY public."appLoginRegistro_usuario"
    ADD CONSTRAINT "appLoginRegistro_usuario_email_key" UNIQUE (email);


--
-- Name: appLoginRegistro_usuario_groups appLoginRegistro_usuario_groups_pkey; Type: CONSTRAINT; Schema: public; Owner: postgres
--

ALTER TABLE ONLY public."appLoginRegistro_usuario_groups"
    ADD CONSTRAINT "appLoginRegistro_usuario_groups_pkey" PRIMARY KEY (id);


--
-- Name: appLoginRegistro_usuario appLoginRegistro_usuario_pkey; Type: CONSTRAINT; Schema: public; Owner: postgres
--

ALTER TABLE ONLY public."appLoginRegistro_usuario"
    ADD CONSTRAINT "appLoginRegistro_usuario_pkey" PRIMARY KEY (id_usuario);


--
-- Name: appLoginRegistro_usuario_user_permissions appLoginRegistro_usuario_user_permissions_pkey; Type: CONSTRAINT; Schema: public; Owner: postgres
--

ALTER TABLE ONLY public."appLoginRegistro_usuario_user_permissions"
    ADD CONSTRAINT "appLoginRegistro_usuario_user_permissions_pkey" PRIMARY KEY (id);


--
-- Name: appLoginRegistro_usuario_groups appLoginRegistro_usuario_usuario_id_group_id_070c02a1_uniq; Type: CONSTRAINT; Schema: public; Owner: postgres
--

ALTER TABLE ONLY public."appLoginRegistro_usuario_groups"
    ADD CONSTRAINT "appLoginRegistro_usuario_usuario_id_group_id_070c02a1_uniq" UNIQUE (usuario_id, group_id);


--
-- Name: appLoginRegistro_usuario_user_permissions appLoginRegistro_usuario_usuario_id_permission_id_60169b6c_uniq; Type: CONSTRAINT; Schema: public; Owner: postgres
--

ALTER TABLE ONLY public."appLoginRegistro_usuario_user_permissions"
    ADD CONSTRAINT "appLoginRegistro_usuario_usuario_id_permission_id_60169b6c_uniq" UNIQUE (usuario_id, permission_id);


--
-- Name: appNotificaciones_notificacion appNotificaciones_notificacion_pkey; Type: CONSTRAINT; Schema: public; Owner: postgres
--

ALTER TABLE ONLY public."appNotificaciones_notificacion"
    ADD CONSTRAINT "appNotificaciones_notificacion_pkey" PRIMARY KEY (id);


--
-- Name: auth_group auth_group_name_key; Type: CONSTRAINT; Schema: public; Owner: postgres
--

ALTER TABLE ONLY public.auth_group
    ADD CONSTRAINT auth_group_name_key UNIQUE (name);


--
-- Name: auth_group_permissions auth_group_permissions_group_id_permission_id_0cd325b0_uniq; Type: CONSTRAINT; Schema: public; Owner: postgres
--

ALTER TABLE ONLY public.auth_group_permissions
    ADD CONSTRAINT auth_group_permissions_group_id_permission_id_0cd325b0_uniq UNIQUE (group_id, permission_id);


--
-- Name: auth_group_permissions auth_group_permissions_pkey; Type: CONSTRAINT; Schema: public; Owner: postgres
--

ALTER TABLE ONLY public.auth_group_permissions
    ADD CONSTRAINT auth_group_permissions_pkey PRIMARY KEY (id);


--
-- Name: auth_group auth_group_pkey; Type: CONSTRAINT; Schema: public; Owner: postgres
--

ALTER TABLE ONLY public.auth_group
    ADD CONSTRAINT auth_group_pkey PRIMARY KEY (id);


--
-- Name: auth_permission auth_permission_content_type_id_codename_01ab375a_uniq; Type: CONSTRAINT; Schema: public; Owner: postgres
--

ALTER TABLE ONLY public.auth_permission
    ADD CONSTRAINT auth_permission_content_type_id_codename_01ab375a_uniq UNIQUE (content_type_id, codename);


--
-- Name: auth_permission auth_permission_pkey; Type: CONSTRAINT; Schema: public; Owner: postgres
--

ALTER TABLE ONLY public.auth_permission
    ADD CONSTRAINT auth_permission_pkey PRIMARY KEY (id);


--
-- Name: django_admin_log django_admin_log_pkey; Type: CONSTRAINT; Schema: public; Owner: postgres
--

ALTER TABLE ONLY public.django_admin_log
    ADD CONSTRAINT django_admin_log_pkey PRIMARY KEY (id);


--
-- Name: django_content_type django_content_type_app_label_model_76bd3d3b_uniq; Type: CONSTRAINT; Schema: public; Owner: postgres
--

ALTER TABLE ONLY public.django_content_type
    ADD CONSTRAINT django_content_type_app_label_model_76bd3d3b_uniq UNIQUE (app_label, model);


--
-- Name: django_content_type django_content_type_pkey; Type: CONSTRAINT; Schema: public; Owner: postgres
--

ALTER TABLE ONLY public.django_content_type
    ADD CONSTRAINT django_content_type_pkey PRIMARY KEY (id);


--
-- Name: django_migrations django_migrations_pkey; Type: CONSTRAINT; Schema: public; Owner: postgres
--

ALTER TABLE ONLY public.django_migrations
    ADD CONSTRAINT django_migrations_pkey PRIMARY KEY (id);


--
-- Name: django_session django_session_pkey; Type: CONSTRAINT; Schema: public; Owner: postgres
--

ALTER TABLE ONLY public.django_session
    ADD CONSTRAINT django_session_pkey PRIMARY KEY (session_key);


--
-- Name: django_site django_site_domain_a2e37b91_uniq; Type: CONSTRAINT; Schema: public; Owner: postgres
--

ALTER TABLE ONLY public.django_site
    ADD CONSTRAINT django_site_domain_a2e37b91_uniq UNIQUE (domain);


--
-- Name: django_site django_site_pkey; Type: CONSTRAINT; Schema: public; Owner: postgres
--

ALTER TABLE ONLY public.django_site
    ADD CONSTRAINT django_site_pkey PRIMARY KEY (id);


--
-- Name: socialaccount_socialaccount socialaccount_socialaccount_pkey; Type: CONSTRAINT; Schema: public; Owner: postgres
--

ALTER TABLE ONLY public.socialaccount_socialaccount
    ADD CONSTRAINT socialaccount_socialaccount_pkey PRIMARY KEY (id);


--
-- Name: socialaccount_socialaccount socialaccount_socialaccount_provider_uid_fc810c6e_uniq; Type: CONSTRAINT; Schema: public; Owner: postgres
--

ALTER TABLE ONLY public.socialaccount_socialaccount
    ADD CONSTRAINT socialaccount_socialaccount_provider_uid_fc810c6e_uniq UNIQUE (provider, uid);


--
-- Name: socialaccount_socialapp_sites socialaccount_socialapp__socialapp_id_site_id_71a9a768_uniq; Type: CONSTRAINT; Schema: public; Owner: postgres
--

ALTER TABLE ONLY public.socialaccount_socialapp_sites
    ADD CONSTRAINT socialaccount_socialapp__socialapp_id_site_id_71a9a768_uniq UNIQUE (socialapp_id, site_id);


--
-- Name: socialaccount_socialapp socialaccount_socialapp_pkey; Type: CONSTRAINT; Schema: public; Owner: postgres
--

ALTER TABLE ONLY public.socialaccount_socialapp
    ADD CONSTRAINT socialaccount_socialapp_pkey PRIMARY KEY (id);


--
-- Name: socialaccount_socialapp_sites socialaccount_socialapp_sites_pkey; Type: CONSTRAINT; Schema: public; Owner: postgres
--

ALTER TABLE ONLY public.socialaccount_socialapp_sites
    ADD CONSTRAINT socialaccount_socialapp_sites_pkey PRIMARY KEY (id);


--
-- Name: socialaccount_socialtoken socialaccount_socialtoken_app_id_account_id_fca4e0ac_uniq; Type: CONSTRAINT; Schema: public; Owner: postgres
--

ALTER TABLE ONLY public.socialaccount_socialtoken
    ADD CONSTRAINT socialaccount_socialtoken_app_id_account_id_fca4e0ac_uniq UNIQUE (app_id, account_id);


--
-- Name: socialaccount_socialtoken socialaccount_socialtoken_pkey; Type: CONSTRAINT; Schema: public; Owner: postgres
--

ALTER TABLE ONLY public.socialaccount_socialtoken
    ADD CONSTRAINT socialaccount_socialtoken_pkey PRIMARY KEY (id);


--
-- Name: account_emailaddress_email_03be32b2; Type: INDEX; Schema: public; Owner: postgres
--

CREATE INDEX account_emailaddress_email_03be32b2 ON public.account_emailaddress USING btree (email);


--
-- Name: account_emailaddress_email_03be32b2_like; Type: INDEX; Schema: public; Owner: postgres
--

CREATE INDEX account_emailaddress_email_03be32b2_like ON public.account_emailaddress USING btree (email varchar_pattern_ops);


--
-- Name: account_emailaddress_user_id_2c513194; Type: INDEX; Schema: public; Owner: postgres
--

CREATE INDEX account_emailaddress_user_id_2c513194 ON public.account_emailaddress USING btree (user_id);


--
-- Name: account_emailconfirmation_email_address_id_5b7f8c58; Type: INDEX; Schema: public; Owner: postgres
--

CREATE INDEX account_emailconfirmation_email_address_id_5b7f8c58 ON public.account_emailconfirmation USING btree (email_address_id);


--
-- Name: account_emailconfirmation_key_f43612bd_like; Type: INDEX; Schema: public; Owner: postgres
--

CREATE INDEX account_emailconfirmation_key_f43612bd_like ON public.account_emailconfirmation USING btree (key varchar_pattern_ops);


--
-- Name: appAjustes_usuariopreferencia_atributo_plan_id_a3cc31a4; Type: INDEX; Schema: public; Owner: postgres
--

CREATE INDEX "appAjustes_usuariopreferencia_atributo_plan_id_a3cc31a4" ON public."appAjustes_usuariopreferencia" USING btree (atributo_plan_id);


--
-- Name: appAjustes_usuariopreferencia_usuario_id_6d35139f; Type: INDEX; Schema: public; Owner: postgres
--

CREATE INDEX "appAjustes_usuariopreferencia_usuario_id_6d35139f" ON public."appAjustes_usuariopreferencia" USING btree (usuario_id);


--
-- Name: appCarritoPedido_carrito_id_usuario_id_c953c0a9; Type: INDEX; Schema: public; Owner: postgres
--

CREATE INDEX "appCarritoPedido_carrito_id_usuario_id_c953c0a9" ON public."appCarritoPedido_carrito" USING btree (id_usuario_id);


--
-- Name: appCarritoPedido_carritodetalle_id_carrito_id_7deb2d8f; Type: INDEX; Schema: public; Owner: postgres
--

CREATE INDEX "appCarritoPedido_carritodetalle_id_carrito_id_7deb2d8f" ON public."appCarritoPedido_carritodetalle" USING btree (id_carrito_id);


--
-- Name: appCarritoPedido_carritodetalle_id_plan_id_3a658343; Type: INDEX; Schema: public; Owner: postgres
--

CREATE INDEX "appCarritoPedido_carritodetalle_id_plan_id_3a658343" ON public."appCarritoPedido_carritodetalle" USING btree (id_plan_id);


--
-- Name: appCarritoPedido_pedido_id_cliente_id_1f72416d; Type: INDEX; Schema: public; Owner: postgres
--

CREATE INDEX "appCarritoPedido_pedido_id_cliente_id_1f72416d" ON public."appCarritoPedido_pedido" USING btree (id_cliente_id);


--
-- Name: appCarritoPedido_pedidodetalle_id_pedido_id_a0358efb; Type: INDEX; Schema: public; Owner: postgres
--

CREATE INDEX "appCarritoPedido_pedidodetalle_id_pedido_id_a0358efb" ON public."appCarritoPedido_pedidodetalle" USING btree (id_pedido_id);


--
-- Name: appCarritoPedido_pedidodetalle_id_plan_id_278039b1; Type: INDEX; Schema: public; Owner: postgres
--

CREATE INDEX "appCarritoPedido_pedidodetalle_id_plan_id_278039b1" ON public."appCarritoPedido_pedidodetalle" USING btree (id_plan_id);


--
-- Name: appIberiaExplorer_atributoplan_plan_id_ecdd7e27; Type: INDEX; Schema: public; Owner: postgres
--

CREATE INDEX "appIberiaExplorer_atributoplan_plan_id_ecdd7e27" ON public."appIberiaExplorer_atributoplan" USING btree (plan_id);


--
-- Name: appIberiaExplorer_ciudad_id_pais_id_2e53ee96; Type: INDEX; Schema: public; Owner: postgres
--

CREATE INDEX "appIberiaExplorer_ciudad_id_pais_id_2e53ee96" ON public."appIberiaExplorer_ciudad" USING btree (pais_id);


--
-- Name: appIberiaExplorer_pais_id_continente_id_b639751f; Type: INDEX; Schema: public; Owner: postgres
--

CREATE INDEX "appIberiaExplorer_pais_id_continente_id_b639751f" ON public."appIberiaExplorer_pais" USING btree (continente_id);


--
-- Name: appLoginRegistro_usuario_email_fcb20ca5_like; Type: INDEX; Schema: public; Owner: postgres
--

CREATE INDEX "appLoginRegistro_usuario_email_fcb20ca5_like" ON public."appLoginRegistro_usuario" USING btree (email varchar_pattern_ops);


--
-- Name: appLoginRegistro_usuario_groups_group_id_fed0e206; Type: INDEX; Schema: public; Owner: postgres
--

CREATE INDEX "appLoginRegistro_usuario_groups_group_id_fed0e206" ON public."appLoginRegistro_usuario_groups" USING btree (group_id);


--
-- Name: appLoginRegistro_usuario_groups_usuario_id_73d0b123; Type: INDEX; Schema: public; Owner: postgres
--

CREATE INDEX "appLoginRegistro_usuario_groups_usuario_id_73d0b123" ON public."appLoginRegistro_usuario_groups" USING btree (usuario_id);


--
-- Name: appLoginRegistro_usuario_id_ciudad_id_89f99011; Type: INDEX; Schema: public; Owner: postgres
--

CREATE INDEX "appLoginRegistro_usuario_id_ciudad_id_89f99011" ON public."appLoginRegistro_usuario" USING btree (id_ciudad_id);


--
-- Name: appLoginRegistro_usuario_u_permission_id_aeb50b37; Type: INDEX; Schema: public; Owner: postgres
--

CREATE INDEX "appLoginRegistro_usuario_u_permission_id_aeb50b37" ON public."appLoginRegistro_usuario_user_permissions" USING btree (permission_id);


--
-- Name: appLoginRegistro_usuario_user_permissions_usuario_id_1e71c6a1; Type: INDEX; Schema: public; Owner: postgres
--

CREATE INDEX "appLoginRegistro_usuario_user_permissions_usuario_id_1e71c6a1" ON public."appLoginRegistro_usuario_user_permissions" USING btree (usuario_id);


--
-- Name: appNotificaciones_notificacion_usuario_id_b82ec1ae; Type: INDEX; Schema: public; Owner: postgres
--

CREATE INDEX "appNotificaciones_notificacion_usuario_id_b82ec1ae" ON public."appNotificaciones_notificacion" USING btree (usuario_id);


--
-- Name: auth_group_name_a6ea08ec_like; Type: INDEX; Schema: public; Owner: postgres
--

CREATE INDEX auth_group_name_a6ea08ec_like ON public.auth_group USING btree (name varchar_pattern_ops);


--
-- Name: auth_group_permissions_group_id_b120cbf9; Type: INDEX; Schema: public; Owner: postgres
--

CREATE INDEX auth_group_permissions_group_id_b120cbf9 ON public.auth_group_permissions USING btree (group_id);


--
-- Name: auth_group_permissions_permission_id_84c5c92e; Type: INDEX; Schema: public; Owner: postgres
--

CREATE INDEX auth_group_permissions_permission_id_84c5c92e ON public.auth_group_permissions USING btree (permission_id);


--
-- Name: auth_permission_content_type_id_2f476e4b; Type: INDEX; Schema: public; Owner: postgres
--

CREATE INDEX auth_permission_content_type_id_2f476e4b ON public.auth_permission USING btree (content_type_id);


--
-- Name: django_admin_log_content_type_id_c4bce8eb; Type: INDEX; Schema: public; Owner: postgres
--

CREATE INDEX django_admin_log_content_type_id_c4bce8eb ON public.django_admin_log USING btree (content_type_id);


--
-- Name: django_admin_log_user_id_c564eba6; Type: INDEX; Schema: public; Owner: postgres
--

CREATE INDEX django_admin_log_user_id_c564eba6 ON public.django_admin_log USING btree (user_id);


--
-- Name: django_session_expire_date_a5c62663; Type: INDEX; Schema: public; Owner: postgres
--

CREATE INDEX django_session_expire_date_a5c62663 ON public.django_session USING btree (expire_date);


--
-- Name: django_session_session_key_c0390e0f_like; Type: INDEX; Schema: public; Owner: postgres
--

CREATE INDEX django_session_session_key_c0390e0f_like ON public.django_session USING btree (session_key varchar_pattern_ops);


--
-- Name: django_site_domain_a2e37b91_like; Type: INDEX; Schema: public; Owner: postgres
--

CREATE INDEX django_site_domain_a2e37b91_like ON public.django_site USING btree (domain varchar_pattern_ops);


--
-- Name: socialaccount_socialaccount_user_id_8146e70c; Type: INDEX; Schema: public; Owner: postgres
--

CREATE INDEX socialaccount_socialaccount_user_id_8146e70c ON public.socialaccount_socialaccount USING btree (user_id);


--
-- Name: socialaccount_socialapp_sites_site_id_2579dee5; Type: INDEX; Schema: public; Owner: postgres
--

CREATE INDEX socialaccount_socialapp_sites_site_id_2579dee5 ON public.socialaccount_socialapp_sites USING btree (site_id);


--
-- Name: socialaccount_socialapp_sites_socialapp_id_97fb6e7d; Type: INDEX; Schema: public; Owner: postgres
--

CREATE INDEX socialaccount_socialapp_sites_socialapp_id_97fb6e7d ON public.socialaccount_socialapp_sites USING btree (socialapp_id);


--
-- Name: socialaccount_socialtoken_account_id_951f210e; Type: INDEX; Schema: public; Owner: postgres
--

CREATE INDEX socialaccount_socialtoken_account_id_951f210e ON public.socialaccount_socialtoken USING btree (account_id);


--
-- Name: socialaccount_socialtoken_app_id_636a42d7; Type: INDEX; Schema: public; Owner: postgres
--

CREATE INDEX socialaccount_socialtoken_app_id_636a42d7 ON public.socialaccount_socialtoken USING btree (app_id);


--
-- Name: unique_primary_email; Type: INDEX; Schema: public; Owner: postgres
--

CREATE UNIQUE INDEX unique_primary_email ON public.account_emailaddress USING btree (user_id, "primary") WHERE "primary";


--
-- Name: unique_verified_email; Type: INDEX; Schema: public; Owner: postgres
--

CREATE UNIQUE INDEX unique_verified_email ON public.account_emailaddress USING btree (email) WHERE verified;


--
-- Name: account_emailaddress account_emailaddress_user_id_2c513194_fk_appLoginR; Type: FK CONSTRAINT; Schema: public; Owner: postgres
--

ALTER TABLE ONLY public.account_emailaddress
    ADD CONSTRAINT "account_emailaddress_user_id_2c513194_fk_appLoginR" FOREIGN KEY (user_id) REFERENCES public."appLoginRegistro_usuario"(id_usuario) DEFERRABLE INITIALLY DEFERRED;


--
-- Name: account_emailconfirmation account_emailconfirm_email_address_id_5b7f8c58_fk_account_e; Type: FK CONSTRAINT; Schema: public; Owner: postgres
--

ALTER TABLE ONLY public.account_emailconfirmation
    ADD CONSTRAINT account_emailconfirm_email_address_id_5b7f8c58_fk_account_e FOREIGN KEY (email_address_id) REFERENCES public.account_emailaddress(id) DEFERRABLE INITIALLY DEFERRED;


--
-- Name: appAjustes_usuariopreferencia appAjustes_usuariopr_atributo_plan_id_a3cc31a4_fk_appIberia; Type: FK CONSTRAINT; Schema: public; Owner: postgres
--

ALTER TABLE ONLY public."appAjustes_usuariopreferencia"
    ADD CONSTRAINT "appAjustes_usuariopr_atributo_plan_id_a3cc31a4_fk_appIberia" FOREIGN KEY (atributo_plan_id) REFERENCES public."appIberiaExplorer_atributoplan"(id_atributo_plan) DEFERRABLE INITIALLY DEFERRED;


--
-- Name: appAjustes_usuariopreferencia appAjustes_usuariopr_usuario_id_6d35139f_fk_appLoginR; Type: FK CONSTRAINT; Schema: public; Owner: postgres
--

ALTER TABLE ONLY public."appAjustes_usuariopreferencia"
    ADD CONSTRAINT "appAjustes_usuariopr_usuario_id_6d35139f_fk_appLoginR" FOREIGN KEY (usuario_id) REFERENCES public."appLoginRegistro_usuario"(id_usuario) DEFERRABLE INITIALLY DEFERRED;


--
-- Name: appCarritoPedido_carritodetalle appCarritoPedido_car_id_carrito_id_7deb2d8f_fk_appCarrit; Type: FK CONSTRAINT; Schema: public; Owner: postgres
--

ALTER TABLE ONLY public."appCarritoPedido_carritodetalle"
    ADD CONSTRAINT "appCarritoPedido_car_id_carrito_id_7deb2d8f_fk_appCarrit" FOREIGN KEY (id_carrito_id) REFERENCES public."appCarritoPedido_carrito"(id_carrito) DEFERRABLE INITIALLY DEFERRED;


--
-- Name: appCarritoPedido_carritodetalle appCarritoPedido_car_id_plan_id_3a658343_fk_appIberia; Type: FK CONSTRAINT; Schema: public; Owner: postgres
--

ALTER TABLE ONLY public."appCarritoPedido_carritodetalle"
    ADD CONSTRAINT "appCarritoPedido_car_id_plan_id_3a658343_fk_appIberia" FOREIGN KEY (id_plan_id) REFERENCES public."appIberiaExplorer_plan"(id_plan) DEFERRABLE INITIALLY DEFERRED;


--
-- Name: appCarritoPedido_carrito appCarritoPedido_car_id_usuario_id_c953c0a9_fk_appLoginR; Type: FK CONSTRAINT; Schema: public; Owner: postgres
--

ALTER TABLE ONLY public."appCarritoPedido_carrito"
    ADD CONSTRAINT "appCarritoPedido_car_id_usuario_id_c953c0a9_fk_appLoginR" FOREIGN KEY (id_usuario_id) REFERENCES public."appLoginRegistro_usuario"(id_usuario) DEFERRABLE INITIALLY DEFERRED;


--
-- Name: appCarritoPedido_pedido appCarritoPedido_ped_id_cliente_id_1f72416d_fk_appLoginR; Type: FK CONSTRAINT; Schema: public; Owner: postgres
--

ALTER TABLE ONLY public."appCarritoPedido_pedido"
    ADD CONSTRAINT "appCarritoPedido_ped_id_cliente_id_1f72416d_fk_appLoginR" FOREIGN KEY (id_cliente_id) REFERENCES public."appLoginRegistro_usuario"(id_usuario) DEFERRABLE INITIALLY DEFERRED;


--
-- Name: appCarritoPedido_pedidodetalle appCarritoPedido_ped_id_pedido_id_a0358efb_fk_appCarrit; Type: FK CONSTRAINT; Schema: public; Owner: postgres
--

ALTER TABLE ONLY public."appCarritoPedido_pedidodetalle"
    ADD CONSTRAINT "appCarritoPedido_ped_id_pedido_id_a0358efb_fk_appCarrit" FOREIGN KEY (id_pedido_id) REFERENCES public."appCarritoPedido_pedido"(id_pedido) DEFERRABLE INITIALLY DEFERRED;


--
-- Name: appCarritoPedido_pedidodetalle appCarritoPedido_ped_id_plan_id_278039b1_fk_appIberia; Type: FK CONSTRAINT; Schema: public; Owner: postgres
--

ALTER TABLE ONLY public."appCarritoPedido_pedidodetalle"
    ADD CONSTRAINT "appCarritoPedido_ped_id_plan_id_278039b1_fk_appIberia" FOREIGN KEY (id_plan_id) REFERENCES public."appIberiaExplorer_plan"(id_plan) DEFERRABLE INITIALLY DEFERRED;


--
-- Name: appIberiaExplorer_atributoplan appIberiaExplorer_at_plan_id_ecdd7e27_fk_appIberia; Type: FK CONSTRAINT; Schema: public; Owner: postgres
--

ALTER TABLE ONLY public."appIberiaExplorer_atributoplan"
    ADD CONSTRAINT "appIberiaExplorer_at_plan_id_ecdd7e27_fk_appIberia" FOREIGN KEY (plan_id) REFERENCES public."appIberiaExplorer_plan"(id_plan) DEFERRABLE INITIALLY DEFERRED;


--
-- Name: appIberiaExplorer_ciudad appIberiaExplorer_ci_pais_id_42b3535a_fk_appIberia; Type: FK CONSTRAINT; Schema: public; Owner: postgres
--

ALTER TABLE ONLY public."appIberiaExplorer_ciudad"
    ADD CONSTRAINT "appIberiaExplorer_ci_pais_id_42b3535a_fk_appIberia" FOREIGN KEY (pais_id) REFERENCES public."appIberiaExplorer_pais"(id_pais) DEFERRABLE INITIALLY DEFERRED;


--
-- Name: appIberiaExplorer_pais appIberiaExplorer_pa_continente_id_596a1a7a_fk_appIberia; Type: FK CONSTRAINT; Schema: public; Owner: postgres
--

ALTER TABLE ONLY public."appIberiaExplorer_pais"
    ADD CONSTRAINT "appIberiaExplorer_pa_continente_id_596a1a7a_fk_appIberia" FOREIGN KEY (continente_id) REFERENCES public."appIberiaExplorer_continente"(id_continente) DEFERRABLE INITIALLY DEFERRED;


--
-- Name: appLoginRegistro_usuario_groups appLoginRegistro_usu_group_id_fed0e206_fk_auth_grou; Type: FK CONSTRAINT; Schema: public; Owner: postgres
--

ALTER TABLE ONLY public."appLoginRegistro_usuario_groups"
    ADD CONSTRAINT "appLoginRegistro_usu_group_id_fed0e206_fk_auth_grou" FOREIGN KEY (group_id) REFERENCES public.auth_group(id) DEFERRABLE INITIALLY DEFERRED;


--
-- Name: appLoginRegistro_usuario appLoginRegistro_usu_id_ciudad_id_89f99011_fk_appIberia; Type: FK CONSTRAINT; Schema: public; Owner: postgres
--

ALTER TABLE ONLY public."appLoginRegistro_usuario"
    ADD CONSTRAINT "appLoginRegistro_usu_id_ciudad_id_89f99011_fk_appIberia" FOREIGN KEY (id_ciudad_id) REFERENCES public."appIberiaExplorer_ciudad"(id_ciudad) DEFERRABLE INITIALLY DEFERRED;


--
-- Name: appLoginRegistro_usuario_user_permissions appLoginRegistro_usu_permission_id_aeb50b37_fk_auth_perm; Type: FK CONSTRAINT; Schema: public; Owner: postgres
--

ALTER TABLE ONLY public."appLoginRegistro_usuario_user_permissions"
    ADD CONSTRAINT "appLoginRegistro_usu_permission_id_aeb50b37_fk_auth_perm" FOREIGN KEY (permission_id) REFERENCES public.auth_permission(id) DEFERRABLE INITIALLY DEFERRED;


--
-- Name: appLoginRegistro_usuario_user_permissions appLoginRegistro_usu_usuario_id_1e71c6a1_fk_appLoginR; Type: FK CONSTRAINT; Schema: public; Owner: postgres
--

ALTER TABLE ONLY public."appLoginRegistro_usuario_user_permissions"
    ADD CONSTRAINT "appLoginRegistro_usu_usuario_id_1e71c6a1_fk_appLoginR" FOREIGN KEY (usuario_id) REFERENCES public."appLoginRegistro_usuario"(id_usuario) DEFERRABLE INITIALLY DEFERRED;


--
-- Name: appLoginRegistro_usuario_groups appLoginRegistro_usu_usuario_id_73d0b123_fk_appLoginR; Type: FK CONSTRAINT; Schema: public; Owner: postgres
--

ALTER TABLE ONLY public."appLoginRegistro_usuario_groups"
    ADD CONSTRAINT "appLoginRegistro_usu_usuario_id_73d0b123_fk_appLoginR" FOREIGN KEY (usuario_id) REFERENCES public."appLoginRegistro_usuario"(id_usuario) DEFERRABLE INITIALLY DEFERRED;


--
-- Name: appNotificaciones_notificacion appNotificaciones_no_usuario_id_b82ec1ae_fk_appLoginR; Type: FK CONSTRAINT; Schema: public; Owner: postgres
--

ALTER TABLE ONLY public."appNotificaciones_notificacion"
    ADD CONSTRAINT "appNotificaciones_no_usuario_id_b82ec1ae_fk_appLoginR" FOREIGN KEY (usuario_id) REFERENCES public."appLoginRegistro_usuario"(id_usuario) DEFERRABLE INITIALLY DEFERRED;


--
-- Name: auth_group_permissions auth_group_permissio_permission_id_84c5c92e_fk_auth_perm; Type: FK CONSTRAINT; Schema: public; Owner: postgres
--

ALTER TABLE ONLY public.auth_group_permissions
    ADD CONSTRAINT auth_group_permissio_permission_id_84c5c92e_fk_auth_perm FOREIGN KEY (permission_id) REFERENCES public.auth_permission(id) DEFERRABLE INITIALLY DEFERRED;


--
-- Name: auth_group_permissions auth_group_permissions_group_id_b120cbf9_fk_auth_group_id; Type: FK CONSTRAINT; Schema: public; Owner: postgres
--

ALTER TABLE ONLY public.auth_group_permissions
    ADD CONSTRAINT auth_group_permissions_group_id_b120cbf9_fk_auth_group_id FOREIGN KEY (group_id) REFERENCES public.auth_group(id) DEFERRABLE INITIALLY DEFERRED;


--
-- Name: auth_permission auth_permission_content_type_id_2f476e4b_fk_django_co; Type: FK CONSTRAINT; Schema: public; Owner: postgres
--

ALTER TABLE ONLY public.auth_permission
    ADD CONSTRAINT auth_permission_content_type_id_2f476e4b_fk_django_co FOREIGN KEY (content_type_id) REFERENCES public.django_content_type(id) DEFERRABLE INITIALLY DEFERRED;


--
-- Name: django_admin_log django_admin_log_content_type_id_c4bce8eb_fk_django_co; Type: FK CONSTRAINT; Schema: public; Owner: postgres
--

ALTER TABLE ONLY public.django_admin_log
    ADD CONSTRAINT django_admin_log_content_type_id_c4bce8eb_fk_django_co FOREIGN KEY (content_type_id) REFERENCES public.django_content_type(id) DEFERRABLE INITIALLY DEFERRED;


--
-- Name: django_admin_log django_admin_log_user_id_c564eba6_fk_appLoginR; Type: FK CONSTRAINT; Schema: public; Owner: postgres
--

ALTER TABLE ONLY public.django_admin_log
    ADD CONSTRAINT "django_admin_log_user_id_c564eba6_fk_appLoginR" FOREIGN KEY (user_id) REFERENCES public."appLoginRegistro_usuario"(id_usuario) DEFERRABLE INITIALLY DEFERRED;


--
-- Name: socialaccount_socialtoken socialaccount_social_account_id_951f210e_fk_socialacc; Type: FK CONSTRAINT; Schema: public; Owner: postgres
--

ALTER TABLE ONLY public.socialaccount_socialtoken
    ADD CONSTRAINT socialaccount_social_account_id_951f210e_fk_socialacc FOREIGN KEY (account_id) REFERENCES public.socialaccount_socialaccount(id) DEFERRABLE INITIALLY DEFERRED;


--
-- Name: socialaccount_socialtoken socialaccount_social_app_id_636a42d7_fk_socialacc; Type: FK CONSTRAINT; Schema: public; Owner: postgres
--

ALTER TABLE ONLY public.socialaccount_socialtoken
    ADD CONSTRAINT socialaccount_social_app_id_636a42d7_fk_socialacc FOREIGN KEY (app_id) REFERENCES public.socialaccount_socialapp(id) DEFERRABLE INITIALLY DEFERRED;


--
-- Name: socialaccount_socialapp_sites socialaccount_social_site_id_2579dee5_fk_django_si; Type: FK CONSTRAINT; Schema: public; Owner: postgres
--

ALTER TABLE ONLY public.socialaccount_socialapp_sites
    ADD CONSTRAINT socialaccount_social_site_id_2579dee5_fk_django_si FOREIGN KEY (site_id) REFERENCES public.django_site(id) DEFERRABLE INITIALLY DEFERRED;


--
-- Name: socialaccount_socialapp_sites socialaccount_social_socialapp_id_97fb6e7d_fk_socialacc; Type: FK CONSTRAINT; Schema: public; Owner: postgres
--

ALTER TABLE ONLY public.socialaccount_socialapp_sites
    ADD CONSTRAINT socialaccount_social_socialapp_id_97fb6e7d_fk_socialacc FOREIGN KEY (socialapp_id) REFERENCES public.socialaccount_socialapp(id) DEFERRABLE INITIALLY DEFERRED;


--
-- Name: socialaccount_socialaccount socialaccount_social_user_id_8146e70c_fk_appLoginR; Type: FK CONSTRAINT; Schema: public; Owner: postgres
--

ALTER TABLE ONLY public.socialaccount_socialaccount
    ADD CONSTRAINT "socialaccount_social_user_id_8146e70c_fk_appLoginR" FOREIGN KEY (user_id) REFERENCES public."appLoginRegistro_usuario"(id_usuario) DEFERRABLE INITIALLY DEFERRED;


--
-- PostgreSQL database dump complete
--

